Service ID,CCG17CD,Service Name,postcode,description,Address,Enquiries Contact - phone,Fax,Enquiries Contact - email,URL,Area,Area2
aberdeen,,Aberdeen Mobility and Rehabilitation Services,AB15 6LS,Address: Woodend Hopsital Eday Road   Aberdeen City of Aberdeen<br>Post Code: AB15 6LS<br>Main Telephone: 01224 556840<br>Main Fax: 01224 556842<br>Main Email: <br>Website: <br>Service Provider / NHS Trust: NHS Grampian<br>Commissioner / CCG: NHS Grampian,Woodend Hopsital Eday Road   Aberdeen City of Aberdeen,01224 556840,01224 556842,,,NHS Grampian,NHS Grampian
bednluton,E38000010,Bedfordshire and Luton Wheelchair Service,MK45 1AB,Address: The Verandah Steppingley Hospital Froghall Road STEPPINGLEY Bedford Bedfordshire<br>Post Code: MK45 1AB<br>Main Telephone: 01525 631349<br>Main Fax: 01525 631190<br>Main Email: wheelchairs.admin@sept.nhs.uk<br>Website: <br>Service Provider / NHS Trust: South Essex Partnership Trust (SEPT)<br>Commissioner / CCG: Bedfordshire CCG's and Luton CCG's,The Verandah Steppingley Hospital Froghall Road STEPPINGLEY Bedford Bedfordshire,01525 631349,01525 631190,wheelchairs.admin@sept.nhs.uk,,South Essex Partnership Trust (SEPT),Bedfordshire CCG's and Luton CCG's
bednluton,E38000102,Bedfordshire and Luton Wheelchair Service,MK45 1AB,Address: The Verandah Steppingley Hospital Froghall Road STEPPINGLEY Bedford Bedfordshire<br>Post Code: MK45 1AB<br>Main Telephone: 01525 631349<br>Main Fax: 01525 631190<br>Main Email: wheelchairs.admin@sept.nhs.uk<br>Website: <br>Service Provider / NHS Trust: South Essex Partnership Trust (SEPT)<br>Commissioner / CCG: Bedfordshire CCG's and Luton CCG's,The Verandah Steppingley Hospital Froghall Road STEPPINGLEY Bedford Bedfordshire,01525 631349,01525 631190,wheelchairs.admin@sept.nhs.uk,,South Essex Partnership Trust (SEPT),Bedfordshire CCG's and Luton CCG's
eaberks,E38000224,East Berks Wheelchair Service,SL6 6DU,Address: Mobility Centre (Wheelchair Service) St Mark's Hospital St Mark's Road  Maidenhead Berkshire<br>Post Code: SL6 6DU<br>Main Telephone: 01753 - 638647<br>Main Fax: 01753 - 638648<br>Main Email: <br>Website: <br>Service Provider / NHS Trust: Berkshire NHS<br>Commissioner / CCG: East Berks Wheelchair Service,Mobility Centre (Wheelchair Service) St Mark's Hospital St Mark's Road  Maidenhead Berkshire,01753 - 638647,01753 - 638648,,,Berkshire NHS,East Berks Wheelchair Service
weberks,E38000114,West Berkshire Wheelchair Service,RG1 5AN,Address: Royal Berkshire Hospital West Drive Buildings West Drive London Road Reading Berkshire<br>Post Code: RG1 5AN<br>Main Telephone: 0118 3226706<br>Main Fax: 0118 3227972<br>Main Email: <br>Website: <br>Service Provider / NHS Trust: Royal Berkshire NHS Foundation Trust<br>Commissioner / CCG: Berkshire CCG,Royal Berkshire Hospital West Drive Buildings West Drive London Road Reading Berkshire,0118 3226706,0118 3227972,,,Royal Berkshire NHS Foundation Trust,Berkshire CCG
buckingh,E38000207,Buckinghamshire Wheelchair Service,HP7 0JD.,Address: Amersham Hospital Whielden Street   Amersham Buckinghamshire<br>Post Code: HP7 0JD.<br>Main Telephone: 01494 734046<br>Main Fax: 01494 734746<br>Main Email: <br>Website: http://www.buckshealthcare.nhs.uk/Our%20clinical%20services/A%20to%20Z%20of%20clinical%20services/Wheelchair%20service/wheelchair-service.htm<br>Service Provider / NHS Trust: Buckinghamshire Healthcare NHS Trust<br>Commissioner / CCG: Aylesbury Vale CCG & Chiltern CCG,Amersham Hospital Whielden Street   Amersham Buckinghamshire,01494 734046,01494 734746,,http://www.buckshealthcare.nhs.uk/Our%20clinical%20services/A%20to%20Z%20of%20clinical%20services/Wheelchair%20service/wheelchair-service.htm,Buckinghamshire Healthcare NHS Trust,Aylesbury Vale CCG & Chiltern CCG
milkeyn,E38000107,Milton Keynes Wheelchair Service,MK3 6EN,Address: Equipment Services Whalley Drive Bletchley  Milton Keynes Buckinghamshire<br>Post Code: MK3 6EN<br>Main Telephone: 01908 379385<br>Main Fax: 01908 650407<br>Main Email: MKWheelchairs@mkpct.nhs.uk<br>Website: <br>Service Provider / NHS Trust: Milton Keynes Community Health Service<br>Commissioner / CCG: Milton Keynes Community Health Service,Equipment Services Whalley Drive Bletchley  Milton Keynes Buckinghamshire,01908 379385,01908 650407,MKWheelchairs@mkpct.nhs.uk,,Milton Keynes Community Health Service,Milton Keynes Community Health Service
huntingd,E38000026,Huntingdon Wheelchair Service,CB23 3UY,Address: Lower Pendrill Court   Papworth Everard Cambridge Cambridgeshire<br>Post Code: CB23 3UY<br>Main Telephone: 01480 830495<br>Main Fax: 01480 839154<br>Main Email: wheelchairservice@cambridgeshirepct.nhs.uk<br>Website: www.cambridgeshirepct.nhs.uk<br>Service Provider / NHS Trust: Cambridgeshire Community Services<br>Commissioner / CCG: Cambridgeshire Community Services,Lower Pendrill Court   Papworth Everard Cambridge Cambridgeshire,01480 830495,01480 839154,wheelchairservice@cambridgeshirepct.nhs.uk,www.cambridgeshirepct.nhs.uk,Cambridgeshire Community Services,Cambridgeshire Community Services
petebor,E38000026,Peterborough Wheelchair Services,PE3 6BD,Address: City Care Centre Thorpe Road   Peterborough Cambridgeshire<br>Post Code: PE3 6BD<br>Main Telephone: 01733 776160/776161<br>Main Fax: 01733 776351<br>Main Email: <br>Website: <br>Service Provider / NHS Trust: Peterborough   Hospitals NHS Foundation Trust<br>Commissioner / CCG: Peterborough   Hospitals NHS Foundation Trust,City Care Centre Thorpe Road   Peterborough Cambridgeshire,01733 776160/776161,01733 776351,,,Peterborough   Hospitals NHS Foundation Trust,Peterborough   Hospitals NHS Foundation Trust
halton,E38000068,Halton Wheelchair Service,WA7 1HB,Address: Independent Living Centre Collier Street   Runcorn Cheshire<br>Post Code: WA7 1HB<br>Main Telephone: 01928 582939<br>Main Fax: <br>Main Email: <br>Website: <br>Service Provider / NHS Trust: Bridgewater Community Healthcare NHS trust<br>Commissioner / CCG: Halton CCG and St Helens CCG,Independent Living Centre Collier Street   Runcorn Cheshire,01928 582939,,,,Bridgewater Community Healthcare NHS trust,Halton CCG and St Helens CCG
easchesh,E38000056,East Cheshire Wheelchair Service,CW12 3AR,Address: Congleton War Memorial Hospital Canal Road   Congleton Cheshire<br>Post Code: CW12 3AR<br>Main Telephone: 01625 663345<br>Main Fax: 01625 663486<br>Main Email: ecn-tr.WAC@nhs.net<br>Website: <br>Service Provider / NHS Trust: East Cheshire NHS Trust<br>Commissioner / CCG: East Cheshire NHS Trust,Congleton War Memorial Hospital Canal Road   Congleton Cheshire,01625 663345,01625 663486,ecn-tr.WAC@nhs.net,,East Cheshire NHS Trust,East Cheshire NHS Trust
stockpor,E38000174,Stockport Wheelchair Service,SK4 1LW,Address: 1st Floor Kingsgate House Wellington Road  North   Stockport Cheshire<br>Post Code: SK4 1LW<br>Main Telephone: 0161 426 5454<br>Main Fax: 0161 426 5459<br>Main Email: <br>Website: <br>Service Provider / NHS Trust: NHS Stockport<br>Commissioner / CCG: NHS Stockport,1st Floor Kingsgate House Wellington Road  North   Stockport Cheshire,0161 426 5454,0161 426 5459,,,NHS Stockport,NHS Stockport
wechesh,E38000196,West Cheshire Wheelchair Service,CH65 2HB,Address: Poole Centre New Grosvenor Road   Ellesmere Port Cheshire<br>Post Code: CH65 2HB<br>Main Telephone: 0151 357 1070<br>Main Fax: 0151 356 2984<br>Main Email: <br>Website: http://www.wirralct.nhs.uk<br>Service Provider / NHS Trust: Wirral Community NHS Trust<br>Commissioner / CCG: West Cheshire CCG,Poole Centre New Grosvenor Road   Ellesmere Port Cheshire,0151 357 1070,0151 356 2984,,http://www.wirralct.nhs.uk,Wirral Community NHS Trust,West Cheshire CCG
wepenin,E38000182,West Pennine Wheelchair Service,SK14 4NL,Address: Tameside and Glossop Community Business Group Unit 8 Hyde Point Industrial Estate Dunkirk Lane  Hyde Cheshire<br>Post Code: SK14 4NL<br>Main Telephone: 0161 335 2800<br>Main Fax: 0161 335 2812<br>Main Email: <br>Website: <br>Service Provider / NHS Trust: Stockport Foundation Trust<br>Commissioner / CCG: Stockport Foundation Trust,Tameside and Glossop Community Business Group Unit 8 Hyde Point Industrial Estate Dunkirk Lane  Hyde Cheshire,0161 335 2800,0161 335 2812,,,Stockport Foundation Trust,Stockport Foundation Trust
warringn,E38000194,Warrington Wheelchair Service,WA5 7TN,Address: 226A Europa Boulevard Westbrook   Warrington Cheshire<br>Post Code: WA5 7TN<br>Main Telephone: 01925 251445<br>Main Fax: 01925 251446<br>Main Email: wheels@warrington-pct.nhs.uk<br>Website: <br>Service Provider / NHS Trust: Bridgewater Community Healthcare NHS Trust<br>Commissioner / CCG: Warrington CCG,226A Europa Boulevard Westbrook   Warrington Cheshire,01925 251445,01925 251446,wheels@warrington-pct.nhs.uk,,Bridgewater Community Healthcare NHS Trust,Warrington CCG
hartlepl,E38000075,Hartlepool Wheelchair Service,TS24 9AH,Address: Wheelchair Service University Hospital of Hartlepool Holdforth Road  Hartlepool County Durham<br>Post Code: TS24 9AH<br>Main Telephone: 01429 522969<br>Main Fax: 01429 522993<br>Main Email: judith.ruddle@nth.nhs.uk<br>Website: <br>Service Provider / NHS Trust: North Tees and Hartlepool Foundation Trust<br>Commissioner / CCG: North Tees and Hartlepool CCG,Wheelchair Service University Hospital of Hartlepool Holdforth Road  Hartlepool County Durham,01429 522969,01429 522993,judith.ruddle@nth.nhs.uk,,North Tees and Hartlepool Foundation Trust,North Tees and Hartlepool CCG
cambpen,E38000089,Peninsula Community Health Wheelchair Service,TR153ER,Address: Camborne and Redruth Community Hospital Barncoose Terrace   Redruth Cornwall<br>Post Code: TR153ER<br>Main Telephone: 01209 318122<br>Main Fax: <br>Main Email: refs.whchs@cornwall.nhs.uk<br>Website: <br>Service Provider / NHS Trust: Peninsula Community Health<br>Commissioner / CCG: Kernow CCG,Camborne and Redruth Community Hospital Barncoose Terrace   Redruth Cornwall,01209 318122,,refs.whchs@cornwall.nhs.uk,,Peninsula Community Health,Kernow CCG
musgreg,E38000066,Regional Disablement Services Wheelchair Centre,BT9 7JB,Address: Musgrave Park Hospital Stockmans Lane   Belfast County Antrim<br>Post Code: BT9 7JB<br>Main Telephone: 028 950 41747<br>Main Fax: 028 9090 2721<br>Main Email: <br>Website: http://www.belfasttrust.hscni.net<br>Service Provider / NHS Trust: Belfast Health and Social Care Trust<br>Commissioner / CCG: Health and Social Care Board,Musgrave Park Hospital Stockmans Lane   Belfast County Antrim,028 950 41747,028 9090 2721,,http://www.belfasttrust.hscni.net,Belfast Health and Social Care Trust,Health and Social Care Board
belfstrn,E38000154,Regional Wheelchair Service,BT4 1NU,Address: Strand House 102 Holywood Road   Belfast County Antrim<br>Post Code: BT4 1NU<br>Main Telephone: 028 9056 3545<br>Main Fax: <br>Main Email: <br>Website: <br>Service Provider / NHS Trust: South & East Belfast HSS Trust<br>Commissioner / CCG: South & East Belfast HSS Trust,Strand House 102 Holywood Road   Belfast County Antrim,028 9056 3545,,,,South & East Belfast HSS Trust,South & East Belfast HSS Trust
cntydurm,E38000042,County Durham & Darlington Wheelchair,DL3 6HX,Address: Darlington Memorial Hospital Memorial Hospital Hollyhurst Raod  Darlington County Durham<br>Post Code: DL3 6HX<br>Main Telephone: 01325 743861<br>Main Fax: 01325 743180<br>Main Email: janetmoran@nhs.net<br>Website: <br>Service Provider / NHS Trust: County Durham & Darlington NHS Foundation Trust<br>Commissioner / CCG:,Darlington Memorial Hospital Memorial Hospital Hollyhurst Raod  Darlington County Durham,01325 743861,01325 743180,janetmoran@nhs.net,,County Durham & Darlington NHS Foundation Trust,
ctyddarl,E38000116,County Durham & Darlington Wheelchair Service,DH1 5RD,Address: Tarncroft Villa Lanchester Road Hospital Lanchester Road  Durham County Durham<br>Post Code: DH1 5RD<br>Main Telephone: 0191 333 6327<br>Main Fax: 0191 3336521<br>Main Email: <br>Website: <br>Service Provider / NHS Trust: County Durham & Darlington NHS Foundation Trust<br>Commissioner / CCG:,Tarncroft Villa Lanchester Road Hospital Lanchester Road  Durham County Durham,0191 333 6327,0191 3336521,,,County Durham & Darlington NHS Foundation Trust,
nthdurm,E38000217,Occupational Therapy Department,DH8 0NB,Address: Shotley Bridge General Hospital Shotley Bridge   Consett County Durham<br>Post Code: DH8 0NB<br>Main Telephone: 01207 586060<br>Main Fax: <br>Main Email: <br>Website: <br>Service Provider / NHS Trust: North Durham Health Care NHS Trust<br>Commissioner / CCG: North Durham Health Care NHS Trust,Shotley Bridge General Hospital Shotley Bridge   Consett County Durham,01207 586060,,,,North Durham Health Care NHS Trust,North Durham Health Care NHS Trust
carlcumb,E38000215,Carlisle Disablement Services Centre,CA2 7HY,Address: Lower Ground Floor Cumberland Infirmary Infirmary Street  Carlisle Cumbria<br>Post Code: CA2 7HY<br>Main Telephone: 01228 814783<br>Main Fax: 01228 814809<br>Main Email: sue.bannister@northcumbria-acute.nhs.uk<br>Website: <br>Service Provider / NHS Trust: North Cumbria Acute Hospitals NHS Trust<br>Commissioner / CCG: North Cumbria Acute Hospitals NHS Trust,Lower Ground Floor Cumberland Infirmary Infirmary Street  Carlisle Cumbria,01228 814783,01228 814809,sue.bannister@northcumbria-acute.nhs.uk,,North Cumbria Acute Hospitals NHS Trust,North Cumbria Acute Hospitals NHS Trust
derbshmul,E38000115,Derbyshire Wheelchair Service,S45 9NZ,Address: Mulberry Clay Cross Hospital Market Street Clay Cross Chesterfield Derbyshire<br>Post Code: S45 9NZ<br>Main Telephone: 01246 252970<br>Main Fax: 01246 252973<br>Main Email: <br>Website: <br>Service Provider / NHS Trust: Derbyshire  Community Health Service<br>Commissioner / CCG: Derbyshire  Community Health Service,Mulberry Clay Cross Hospital Market Street Clay Cross Chesterfield Derbyshire,01246 252970,01246 252973,,,Derbyshire  Community Health Service,Derbyshire  Community Health Service
derbman,E38000169,Derbyshire Wheelchair Service,DE22 3NB,Address: The Manor Store Manor Parkway Uttoxeter Road  Derby Derbyshire<br>Post Code: DE22 3NB<br>Main Telephone: 01332 287057<br>Main Fax: 01332 287059<br>Main Email: <br>Website: <br>Service Provider / NHS Trust: Derbyshire Community Health Service<br>Commissioner / CCG: Derbyshire Community Health Service,The Manor Store Manor Parkway Uttoxeter Road  Derby Derbyshire,01332 287057,01332 287059,,,Derbyshire Community Health Service,Derbyshire Community Health Service
plymthm,E38000152,Plymouth Wheelchair Service,PL6 7PY,Address: Millbrook Healthcare Unit D Armada Point Estover Road  Plymouth Devon<br>Post Code: PL6 7PY<br>Main Telephone: 0845 8940634<br>Main Fax: 0845 4818567<br>Main Email:  <br>Website: <br>Service Provider / NHS Trust: Plymouth Teaching Primary Care Trust<br>Commissioner / CCG: Plymouth Teaching Primary Care Trust,Millbrook Healthcare Unit D Armada Point Estover Road  Plymouth Devon,0845 8940634,0845 4818567,,,Plymouth Teaching Primary Care Trust,Plymouth Teaching Primary Care Trust
exendev,E38000129,Exeter Mobility Centre,EX5 4QX,"Address: Lister Close Wonford Road   Exeter Devon<br>Post Code: EX5 4QX<br>Main Telephone: 01392 403648<br>Main Fax: 01392 403667<br>Main Email: <br>Website: <br>Service Provider / NHS Trust: Royal Devon & Exeter NHS Foundation Trust<br>Commissioner / CCG: New Devon, Somerset, Torbay CCGs",Lister Close Wonford Road   Exeter Devon,01392 403648,01392 403667,,,Royal Devon & Exeter NHS Foundation Trust,"New Devon, Somerset, Torbay CCGs"
dorseacn,E38000045,Dorset Wheelchair Service (East),BH24 2RR,Address: The Acorn Building St Leonards Hospital Ringwood Road  Ringwood Dorset<br>Post Code: BH24 2RR<br>Main Telephone: 01202 892874<br>Main Fax: 01202 870553<br>Main Email: <br>Website: www.dorsetwheelchairs.nhs.uk<br>Service Provider / NHS Trust: Dorset HealthCare University NHS Foundation Trust<br>Commissioner / CCG: Dorset HealthCare University NHS Foundation Trust,The Acorn Building St Leonards Hospital Ringwood Road  Ringwood Dorset,01202 892874,01202 870553,,www.dorsetwheelchairs.nhs.uk,Dorset HealthCare University NHS Foundation Trust,Dorset HealthCare University NHS Foundation Trust
dorsunf,E38000045,Dorset Wheelchair Service (West),DT1 1YA,Address: Unit F2 Marabout Industrial Estate   Dorchester Dorset<br>Post Code: DT1 1YA<br>Main Telephone: 01305 261210<br>Main Fax: 01305 259529<br>Main Email: <br>Website: www.dorsetwheelchairs.nhs.uk<br>Service Provider / NHS Trust: Dorset HealthCare University NHS Foundation Trust<br>Commissioner / CCG: Dorset HealthCare University NHS Foundation Trust,Unit F2 Marabout Industrial Estate   Dorchester Dorset,01305 261210,01305 259529,,www.dorsetwheelchairs.nhs.uk,Dorset HealthCare University NHS Foundation Trust,Dorset HealthCare University NHS Foundation Trust
easushas,E38000213,East Sussex Wheelchair Service,TN37 7RD,Address: Conquest Hospital Egerton Unit Conquest Hospital The Ridge St Leonards-on-Sea East Sussex<br>Post Code: TN37 7RD<br>Main Telephone: 01424 758076<br>Main Fax: 01424 757003<br>Main Email: <br>Website: <br>Service Provider / NHS Trust: Hastings & Rother PCT<br>Commissioner / CCG: Hastings & Rother PCT,Conquest Hospital Egerton Unit Conquest Hospital The Ridge St Leonards-on-Sea East Sussex,01424 758076,01424 757003,,,Hastings & Rother PCT,Hastings & Rother PCT
brihove,E38000021,Brighton and Hove  Wheelchair / Specialist seating Service,BN2 3EX,Address: Sussex Rehabilitation Centre (Brighton) Elm Grove   Brighton East Sussex<br>Post Code: BN2 3EX<br>Main Telephone: 01273 242156<br>Main Fax: 01273 605063<br>Main Email: SC-TR.wheelchairadmin@nhs.net<br>Website: http://www.sussexcommunity.nhs.uk/services/servicedetails.htm?directoryID=16359<br>Service Provider / NHS Trust: Sussex Community NHS Trust<br>Commissioner / CCG: Sussex Community NHS Trust,Sussex Rehabilitation Centre (Brighton) Elm Grove   Brighton East Sussex,01273 242156,01273 605063,SC-TR.wheelchairadmin@nhs.net,http://www.sussexcommunity.nhs.uk/services/servicedetails.htm?directoryID=16359,Sussex Community NHS Trust,Sussex Community NHS Trust
eassusdgn,E38000083,East Sussex Wheelchair Service,BN21 2UD,Address: District General Hospital Rehabilitation Unit Kings Drive  Eastbourne East Sussex<br>Post Code: BN21 2UD<br>Main Telephone: 01323 413798<br>Main Fax: 01323 413895<br>Main Email: <br>Website: <br>Service Provider / NHS Trust: East Sussex Downs and Weald PCT<br>Commissioner / CCG: East Sussex Downs and Weald PCT,District General Hospital Rehabilitation Unit Kings Drive  Eastbourne East Sussex,01323 413798,01323 413895,,,East Sussex Downs and Weald PCT,East Sussex Downs and Weald PCT
huleardn,E38000085,Hull and East Riding Wheelchair Services,HU2 8JJ,Address: 11 Reed Street Kingston upon Hull East Yorkshire<br>Post Code: HU2 8JJ<br>Main Telephone: 0344 8936375<br>Main Fax: <br>Main Email: hull.wheelchairservice@nhs.net<br>Website: www.blatchford.co.uk/locations/hull-nhs-wheelchair-service/<br>Service Provider / NHS Trust: NRS Healthcare<br>Commissioner / CCG: Hull CCG,11 Reed Street Kingston upon Hull East Yorkshire,0344 8936375,,hull.wheelchairservice@nhs.net,www.blatchford.co.uk/locations/hull-nhs-wheelchair-service/,NRS Healthcare,Hull CCG
ednlthian,,Edinburgh Mobility Centre,EH9 2HL,Address: Astley Ainslie Hospital 133 Grange Road   Edinburgh City of Edinburgh<br>Post Code: EH9 2HL<br>Main Telephone: 0131 537 9177<br>Main Fax: 0131 537 9176<br>Main Email: <br>Website: <br>Service Provider / NHS Trust: Lothian Primary Care Trust<br>Commissioner / CCG: Lothian Primary Care Trust,Astley Ainslie Hospital 133 Grange Road   Edinburgh City of Edinburgh,0131 537 9177,0131 537 9176,,,Lothian Primary Care Trust,Lothian Primary Care Trust
wlchless,E38000192,Waltham Forest Wheelchair & Special Seating Service,CM2 0PD,Address: The Gemini Centre 88 New London Road   Chelmsford Essex<br>Post Code: CM2 0PD<br>Main Telephone: 0800 1230810<br>Main Fax: 01245 318561<br>Main Email: <br>Website: <br>Service Provider / NHS Trust: Central Essex Community Services (CECS)<br>Commissioner / CCG: Central Essex Community Services (CECS),The Gemini Centre 88 New London Road   Chelmsford Essex,0800 1230810,01245 318561,,,Central Essex Community Services (CECS),Central Essex Community Services (CECS)
ntheaecl,E38000106,North East Essex Wheelchair Service,CO3 3NB,Address: Essex County Hospital Lexden Road   Colchester Essex<br>Post Code: CO3 3NB<br>Main Telephone: 01206 744680<br>Main Fax: 01206 744681<br>Main Email: chu-ftr.NEEWCS@nhs.net<br>Website: http://www.colchesterhospital.nhs.uk/wheelchair_services<br>Service Provider / NHS Trust: Colchester Hospital University NHS Foundation trust<br>Commissioner / CCG: North Essex CCG,Essex County Hospital Lexden Road   Colchester Essex,01206 744680,01206 744681,chu-ftr.NEEWCS@nhs.net,http://www.colchesterhospital.nhs.uk/wheelchair_services,Colchester Hospital University NHS Foundation trust,North Essex CCG
havrng,E38000077,Havering Wheelchair Service,RM3 0AR,Address: Disablement Services Centre Harold Wood Hospital Gubbins Lane Haroldwood Romford Essex<br>Post Code: RM3 0AR<br>Main Telephone: 01708 796200<br>Main Fax: 01708 796201<br>Main Email: <br>Website: <br>Service Provider / NHS Trust: Havering Primary Care NHS Trust<br>Commissioner / CCG: Havering Primary Care NHS Trust,Disablement Services Centre Harold Wood Hospital Gubbins Lane Haroldwood Romford Essex,01708 796200,01708 796201,,,Havering Primary Care NHS Trust,Havering Primary Care NHS Trust
mdessx,E38000106,Mid Essex Wheelchair Service,CM2 0PD,Address: The Gemini Centre Lower Ground Floor 88 New London Road  Chelmsford Essex<br>Post Code: CM2 0PD<br>Main Telephone: 01245 318560<br>Main Fax: 01245 318561<br>Main Email: <br>Website: <br>Service Provider / NHS Trust: Mid Essex Primary Care Trust<br>Commissioner / CCG: Mid Essex Primary Care Trust,The Gemini Centre Lower Ground Floor 88 New London Road  Chelmsford Essex,01245 318560,01245 318561,,,Mid Essex Primary Care Trust,Mid Essex Primary Care Trust
rdbrdge,E38000138,Redbridge Wheelchair service,IG3 8XJ,Address: Goodmayes Hospital Barley Lane Goodmayes  Ilford Essex<br>Post Code: IG3 8XJ<br>Main Telephone: 020 8970 5752<br>Main Fax: 020 8970 57553<br>Main Email: <br>Website: <br>Service Provider / NHS Trust: NHS Redbridge<br>Commissioner / CCG: NHS Redbridge,Goodmayes Hospital Barley Lane Goodmayes  Ilford Essex,020 8970 5752,020 8970 57553,,,NHS Redbridge,NHS Redbridge
sthndesx,E38000117,Southend Wheelchair Service,SS2 5TE,Address: Integrated Resource Centre Unit 8 The Forum Coopers Way Temple Farm Industrial Estate  Southend on Sea Essex<br>Post Code: SS2 5TE<br>Main Telephone: 01702 442145<br>Main Fax: 01702 442102<br>Main Email: southendwheelchair.service@nhs.net<br>Website: <br>Service Provider / NHS Trust: South Essex Partnership NHS Trust<br>Commissioner / CCG:,Integrated Resource Centre Unit 8 The Forum Coopers Way Temple Farm Industrial Estate  Southend on Sea Essex,01702 442145,01702 442102,southendwheelchair.service@nhs.net,,South Essex Partnership NHS Trust,
shwesthr,E38000197,Wheelchair Service,RM16 2PX,Address: Thurrock Community Hospital Long Lane   Grays Essex<br>Post Code: RM16 2PX<br>Main Telephone: 01375 364455<br>Main Fax: 01375 364454<br>Main Email: wheelchairservice@swessex.nhs.uk<br>Website: <br>Service Provider / NHS Trust: South West Essex Community Services<br>Commissioner / CCG: South West Essex Community Services,Thurrock Community Hospital Long Lane   Grays Essex,01375 364455,01375 364454,wheelchairservice@swessex.nhs.uk,,South West Essex Community Services,South West Essex Community Services
glsgwsct,,West of Scotland Mobility & Rehabilitation Centre,G51 4TF,Address: Southern General Hospital 1345 Govan Road Govan  Glasgow Glasgow<br>Post Code: G51 4TF<br>Main Telephone: 0844 811 3001 or 0141 201 2624<br>Main Fax: 0141 2012649<br>Main Email: WestMARC@ggc.scot.nhs.uk<br>Website: http://www.nhsggc.org.uk/WestMARC<br>Service Provider / NHS Trust: NHS Greater Glasgow & Clyde & Consortium NHS Health Boards<br>Commissioner / CCG:,Southern General Hospital 1345 Govan Road Govan  Glasgow Glasgow,0844 811 3001 or 0141 201 2624,0141 2012649,WestMARC@ggc.scot.nhs.uk,http://www.nhsggc.org.uk/WestMARC,NHS Greater Glasgow & Clyde & Consortium NHS Health Boards,
chlgloush,E38000062,Gloucestershire Care Services Wheelchair Service,GL51 0BY,Address: Independent Living Service Village Road   Cheltenham Gloucestershire<br>Post Code: GL51 0BY<br>Main Telephone: 01242 713900<br>Main Fax: 01242 524837<br>Main Email: <br>Website: <br>Service Provider / NHS Trust: Gloucestershire Care Services<br>Commissioner / CCG: NHS Gloucestershire,Independent Living Service Village Road   Cheltenham Gloucestershire,01242 713900,01242 524837,,,Gloucestershire Care Services,NHS Gloucestershire
wgnleigh,E38000205,Wigan and Leigh Wheelchair Service,WN3 4NW,Address: Claire House Lower Ince Health Centre Pheonix Way Ince Wigan Greater Mancester<br>Post Code: WN3 4NW<br>Main Telephone: 01942 481162<br>Main Fax: 01942 481175<br>Main Email: wigan.wheelchairservice@bridgewater.nhs.uk<br>Website: <br>Service Provider / NHS Trust: Bridgewater Community Healthcare NHS Trust<br>Commissioner / CCG: Wigan CCG,Claire House Lower Ince Health Centre Pheonix Way Ince Wigan Greater Mancester,01942 481162,01942 481175,wigan.wheelchairservice@bridgewater.nhs.uk,,Bridgewater Community Healthcare NHS Trust,Wigan CCG
bltngm,E38000016,Bolton Wheelchair Service,BL1 1SQ,Address: Lever Chambers Centre for Health Ashburner Street   Bolton Greater Manchester<br>Post Code: BL1 1SQ<br>Main Telephone: 01204 462777<br>Main Fax: 01204 462778<br>Main Email: <br>Website: <br>Service Provider / NHS Trust: NHS Bolton Foundation Trust<br>Commissioner / CCG: NHS Bolton Foundation Trust,Lever Chambers Centre for Health Ashburner Street   Bolton Greater Manchester,01204 462777,01204 462778,,,NHS Bolton Foundation Trust,NHS Bolton Foundation Trust
rchdold,E38000080,Rochdale Posture & Mobility Centre,OL10 2DY,Address: Peninsula House Cross Street Heywood  Rochdale Greater Manchester<br>Post Code: OL10 2DY<br>Main Telephone: 01706 837190<br>Main Fax:  <br>Main Email: deborah.jones@pat.nhs.uk<br>Website: <br>Service Provider / NHS Trust: Rochdale Healthcare NHS Trust<br>Commissioner / CCG: Rochdale Healthcare NHS Trust,Peninsula House Cross Street Heywood  Rochdale Greater Manchester,01706 837190,,deborah.jones@pat.nhs.uk,,Rochdale Healthcare NHS Trust,Rochdale Healthcare NHS Trust
salfman,E38000143,Salford Disable Living Centre,M28 2LY,Address: Burrows House Wardley Industrial Estate   Salford Greater Manchester<br>Post Code: M28 2LY<br>Main Telephone: 0161 607 1499<br>Main Fax: <br>Main Email: <br>Website: www.salford.gov.uk<br>Service Provider / NHS Trust: Salford Disability Services<br>Commissioner / CCG: Salford Disability Services,Burrows House Wardley Industrial Estate   Salford Greater Manchester,0161 607 1499,,,www.salford.gov.uk,Salford Disability Services,Salford Disability Services
altrman,E38000217,Manchester Specialised Services Centre,M22 4NY,"Address: Ability House Altrincham Road Sharston Manchester Greater Manchester<br>Post Code: M22 4NY<br>Main Telephone: 0161 611 3800<br>Main Fax: 0161 611 3761<br>Main Email: manchesterwheelchairservices@nhs.net<br>Website: <br>Service Provider / NHS Trust: Universities of South Manchester NHS Trust<br>Commissioner / CCG: Manchester (North, Central, South) and Trafford CCG's",Ability House Altrincham Road Sharston Manchester Greater Manchester,0161 611 3800,0161 611 3761,manchesterwheelchairservices@nhs.net,,Universities of South Manchester NHS Trust,"Manchester (North, Central, South) and Trafford CCG's"
bsngham,E38000118,Basingstoke Wheelchair Service,RG24 9RH,Address: Fairway House Parklands Hospital Aldermaston Road  Basingstoke Hampshire<br>Post Code: RG24 9RH<br>Main Telephone: 01256 376485<br>Main Fax: 01256 376481<br>Main Email: s.afshar@nhs.net<br>Website: <br>Service Provider / NHS Trust: Southern Health NHS Foundation Trust<br>Commissioner / CCG: North Hampshire,Fairway House Parklands Hospital Aldermaston Road  Basingstoke Hampshire,01256 376485,01256 376481,s.afshar@nhs.net,,Southern Health NHS Foundation Trust,North Hampshire
ptsmhmp,E38000137,Portsmouth Disablement Services Centre,PO3 6AD,Address: St Mary's Hospital Milton Road   Portsmouth Hampshire<br>Post Code: PO3 6AD<br>Main Telephone: 02392 680154<br>Main Fax: 02392 680151<br>Main Email: <br>Website: <br>Service Provider / NHS Trust: Portsmouth Hospitals NHS Trust<br>Commissioner / CCG: Portsmouth Hospitals NHS Trust,St Mary's Hospital Milton Road   Portsmouth Hampshire,02392 680154,02392 680151,,,Portsmouth Hospitals NHS Trust,Portsmouth Hospitals NHS Trust
wnchhmp,E38000013,Winchester Posture & Mobility Service,SO23 7FA,Address: Unit 5 Winchester Trade Park Easton Lane  Winchester Hampshire<br>Post Code: SO23 7FA<br>Main Telephone: 01962 710444<br>Main Fax: 01962 710443<br>Main Email: <br>Website: www.opcare.co.uk<br>Service Provider / NHS Trust: NHS Hampshire<br>Commissioner / CCG: NHS Hampshire,Unit 5 Winchester Trade Park Easton Lane  Winchester Hampshire,01962 710444,01962 710443,,www.opcare.co.uk,NHS Hampshire,NHS Hampshire
herfherf,E38000049,Herefordshire District  Wheelchair Service,HR2 9RP,Address: Benet Building Belmont Abbey Ruchall Lane Belmont Hereford Herefordshire<br>Post Code: HR2 9RP<br>Main Telephone: 01432 363903<br>Main Fax: 01432 363959<br>Main Email: <br>Website: <br>Service Provider / NHS Trust: Wye Valley Trust<br>Commissioner / CCG: Herefordshire CCG,Benet Building Belmont Abbey Ruchall Lane Belmont Hereford Herefordshire,01432 363903,01432 363959,,,Wye Valley Trust,Herefordshire CCG
hlstessx,E38000197,Holly (West Essex) NHS Wheelchair Service,CM23 5GZ,Address: Unit 3 Stortford Hall Industrial Park Dunmow Road   Bishop's Stortford Hertfordshire<br>Post Code: CM23 5GZ<br>Main Telephone: 01279 698902<br>Main Fax: 01279 698904<br>Main Email: <br>Website: <br>Service Provider / NHS Trust: South Essex Partnership Trust (SEPT)<br>Commissioner / CCG: SEPT,Unit 3 Stortford Hall Industrial Park Dunmow Road   Bishop's Stortford Hertfordshire,01279 698902,01279 698904,,,South Essex Partnership Trust (SEPT),SEPT
herfdshr,E38000049,Hertfordshire Wheelchair Service,AL7 1LT,Address: Unit J Swiftfield City Park WatchmeadÂ Â  Welwyn Garden City Hertfordshire<br>Post Code: AL7 1LT<br>Main Telephone: 0333 234 0303<br>Main Fax: <br>Main Email: hertswcs@millbrookhealthcare.co.uk<br>Website: <br>Service Provider / NHS Trust: Millbrook Healthcare<br>Commissioner / CCG: East and North Hertfordshire CCGÂ  Herts Valley CCG,Unit J Swiftfield City Park WatchmeadÂ Â  Welwyn Garden City Hertfordshire,0333 234 0303,,hertswcs@millbrookhealthcare.co.uk,,Millbrook Healthcare,East and North Hertfordshire CCGÂ  Herts Valley CCG
invrnshgl,,Highlands Wheelchair Service,IV2 3UJ,Address: Department of Medical Physics Raigmore Hospital Old Perth Road  Inverness Highlands<br>Post Code: IV2 3UJ<br>Main Telephone: 01463 704167/9<br>Main Fax: 01463 705717<br>Main Email: <br>Website: <br>Service Provider / NHS Trust: Highland Acute Hospitals NHS Trust<br>Commissioner / CCG: Highland Acute Hospitals NHS Trust,Department of Medical Physics Raigmore Hospital Old Perth Road  Inverness Highlands,01463 704167/9,01463 705717,,,Highland Acute Hospitals NHS Trust,Highland Acute Hospitals NHS Trust
nwislew,E38000087,Isle of Wight Occupational Therapy & Wheelchair Service,PO30 5TG,Address: St Mary's Hospital Dodnor Lane   Newport Isle of Wight<br>Post Code: PO30 5TG<br>Main Telephone: 01983 552053<br>Main Fax: 01983 552052<br>Main Email: <br>Website: <br>Service Provider / NHS Trust: Isle of Wight NHS PCT<br>Commissioner / CCG: Isle of Wight NHS PCT,St Mary's Hospital Dodnor Lane   Newport Isle of Wight,01983 552053,01983 552052,,,Isle of Wight NHS PCT,Isle of Wight NHS PCT
bcknkent,E38000124,Wheelchair Assessment Service,BR31DU,Address: Beckenham Clinic 14 The Crescent   Beckenham Kent<br>Post Code: BR31DU<br>Main Telephone: 020 8662 6671<br>Main Fax: 020 8658 3398<br>Main Email: <br>Website: www.bromleyhealthcare-cic.nhs.uk<br>Service Provider / NHS Trust: Bromley HealthcareLtd<br>Commissioner / CCG: Bromley HealthcareLtd,Beckenham Clinic 14 The Crescent   Beckenham Kent,020 8662 6671,020 8658 3398,,www.bromleyhealthcare-cic.nhs.uk,Bromley HealthcareLtd,Bromley HealthcareLtd
cantkent,E38000199,"Kent & Medway Wheelchair Service, Canterbury",CT1 1AZ,Address: Trust Headquarters St Martins Hospital   Canterbury KENT<br>Post Code: CT1 1AZ<br>Main Telephone: 0300 7900128<br>Main Fax: 0300 7900129<br>Main Email: kcht.wheelchairservice-kent@nhs.net<br>Website: www.kentcht.nhs.uk<br>Service Provider / NHS Trust: Kent Community Health NHS Trust<br>Commissioner / CCG: Kent Community Health NHS Trust,Trust Headquarters St Martins Hospital   Canterbury KENT,0300 7900128,0300 7900129,kcht.wheelchairservice-kent@nhs.net,www.kentcht.nhs.uk,Kent Community Health NHS Trust,Kent Community Health NHS Trust
bexlyknt,E38000011,Bexley Wheelchair Service,DA8 2DH,Address: 20 Whitehall Lane Slade Green   Erith Kent<br>Post Code: DA8 2DH<br>Main Telephone: 020 3045 3755<br>Main Fax: 020 3045 3757<br>Main Email: <br>Website: www.inspirecommunitytrust.org<br>Service Provider / NHS Trust: Inspire Community Trust<br>Commissioner / CCG: Inspire Community Trust,20 Whitehall Lane Slade Green   Erith Kent,020 3045 3755,020 3045 3757,,www.inspirecommunitytrust.org,Inspire Community Trust,Inspire Community Trust
knmdart,E38000104,"Kent and Medway Wheelchair Service , Dartford",DA2 6PB,Address: Greenacres Bow Arrow  Lane   Dartford Kent<br>Post Code: DA2 6PB<br>Main Telephone: 0300 7900128<br>Main Fax: 0300 7900129<br>Main Email: kcht.wheelchairservice-kent@nhs.net<br>Website: www.kentcht.nhs.uk<br>Service Provider / NHS Trust: Kent Community Health NHS Trust<br>Commissioner / CCG: Kent Community Health NHS Trust,Greenacres Bow Arrow  Lane   Dartford Kent,0300 7900128,0300 7900129,kcht.wheelchairservice-kent@nhs.net,www.kentcht.nhs.uk,Kent Community Health NHS Trust,Kent Community Health NHS Trust
knmgilln,E38000156,"Kent & Medway Wheelchair Service, Gillingham",ME7 5NY,Address: DSC Centre Medway Maritime Hospital Windmill Road  Gillingham Kent<br>Post Code: ME7 5NY<br>Main Telephone: 0300 7900128<br>Main Fax: 0300 7900129<br>Main Email: kcht.wheelchairservice-kent@nhs.net<br>Website: www.kentcht.nhs.uk<br>Service Provider / NHS Trust: Kent Community Health NHS Trust<br>Commissioner / CCG: Kent Community Health NHS Trust,DSC Centre Medway Maritime Hospital Windmill Road  Gillingham Kent,0300 7900128,0300 7900129,kcht.wheelchairservice-kent@nhs.net,www.kentcht.nhs.uk,Kent Community Health NHS Trust,Kent Community Health NHS Trust
knmashfd,E38000002,"Kent & Medway Wheelchair Service, Ashford",TN23 7SH,Address: Administration Team Norman House Beaver Business Park Beaver Road Ashford Kent<br>Post Code: TN23 7SH<br>Main Telephone: 0300 7900128<br>Main Fax: 0300 7900129<br>Main Email: kcht.wheelchairservice-kent@nhs.net<br>Website: www.kentcht.nhs.uk<br>Service Provider / NHS Trust: Kent Community Health NHS Trust<br>Commissioner / CCG: Kent Community Health NHS Trust,Administration Team Norman House Beaver Business Park Beaver Road Ashford Kent,0300 7900128,0300 7900129,kcht.wheelchairservice-kent@nhs.net,www.kentcht.nhs.uk,Kent Community Health NHS Trust,Kent Community Health NHS Trust
knmaylsm,E38000002,"Kent & Medway Wheelchair Service, Aylesham",CT3 3BB (Sat Nav CT3 3AA),Address: New Aylesham Health Centre Queen's Road   Aylesham Kent<br>Post Code: CT3 3BB (Sat Nav CT3 3AA)<br>Main Telephone: 0300 7900128<br>Main Fax: 0300 7900129<br>Main Email: kcht.wheelchairservice-kent@nhs.net<br>Website: www.kentcht.nhs.uk<br>Service Provider / NHS Trust: Kent Community Health NHS Trust<br>Commissioner / CCG: Kent Community Health NHS Trust,New Aylesham Health Centre Queen's Road   Aylesham Kent,0300 7900128,0300 7900129,kcht.wheelchairservice-kent@nhs.net,www.kentcht.nhs.uk,Kent Community Health NHS Trust,Kent Community Health NHS Trust
knmmaid,E38000207,"Kent & Medway Wheelchair Service, Maidstone",ME17 4AH,Address: The Heathside Centre Heath Road Coxheath  Maidstone Kent<br>Post Code: ME17 4AH<br>Main Telephone: 0300 7900128<br>Main Fax: 0300 7900129<br>Main Email: kcht.wheelchairservice-kent@nhs.net<br>Website: www.kentcht.nhs.uk<br>Service Provider / NHS Trust: Kent Community Health NHS Trust<br>Commissioner / CCG: Kent Community Health NHS Trust,The Heathside Centre Heath Road Coxheath  Maidstone Kent,0300 7900128,0300 7900129,kcht.wheelchairservice-kent@nhs.net,www.kentcht.nhs.uk,Kent Community Health NHS Trust,Kent Community Health NHS Trust
chrlyman,E38000034,Chorley South Ribble and West Lancashire Wheelchair Service,WN8 9PN,Address: Unit 2  Pendle Place West Pimbo Industrial Estate  Skelmersdale West Lancashire<br>Post Code: WN8 9PN<br>Main Telephone: 01695 559142<br>Main Fax: 01695 727143<br>Main Email: <br>Website: <br>Service Provider / NHS Trust: Southport & Ormskirk Hospitals NHS Trust<br>Commissioner / CCG: Southport & Ormskirk Hospitals NHS Trust,Unit 2  Pendle Place West Pimbo Industrial Estate  Skelmersdale West Lancashire,01695 559142,01695 727143,,,Southport & Ormskirk Hospitals NHS Trust,Southport & Ormskirk Hospitals NHS Trust
prestman,E38000050,Specialist Mobility Rehabilitation Centre,PR2 8DY,Address: Preston Business Centre Watling Street Road Fulwood  Preston Lancashire<br>Post Code: PR2 8DY<br>Main Telephone: 01772 716921<br>Main Fax: 01772 712391<br>Main Email: <br>Website: <br>Service Provider / NHS Trust: Lancashire Teaching Hospitals NHS Trust<br>Commissioner / CCG: Lancashire Teaching Hospitals NHS Trust,Preston Business Centre Watling Street Road Fulwood  Preston Lancashire,01772 716921,01772 712391,,,Lancashire Teaching Hospitals NHS Trust,Lancashire Teaching Hospitals NHS Trust
sthptlanc,E38000170,Southport & Formby Wheelchair Services,PR9 0PQ,Address: 44 - 46 Houghton ST    Southport Lancashire<br>Post Code: PR9 0PQ<br>Main Telephone: 01704 385098<br>Main Fax: 01704 383077<br>Main Email: <br>Website: <br>Service Provider / NHS Trust: Sefton PCT<br>Commissioner / CCG: Sefton PCT,44 - 46 Houghton ST    Southport Lancashire,01704 385098,01704 383077,,,Sefton PCT,Sefton PCT
sthskems,E38000170,Southport and Formby Wheelchair Service,WN8 9PR,"Address: Unit 2, Pendle Place West Pimbo Industrial Estate   Skelmersdale Lancashire<br>Post Code: WN8 9PR<br>Main Telephone: 01695 559142<br>Main Fax: 01695 727143<br>Main Email: <br>Website: <br>Service Provider / NHS Trust: Southport and Ormskirk Hospitals NHS Trust<br>Commissioner / CCG: Southport and Ormskirk Hospitals NHS Trust","Unit 2, Pendle Place West Pimbo Industrial Estate   Skelmersdale Lancashire",01695 559142,01695 727143,,,Southport and Ormskirk Hospitals NHS Trust,Southport and Ormskirk Hospitals NHS Trust
leicleicsts,E38000097,Leicester Specialist Mobility Centre,LE19 1WZ,Address: 17A Meridian East    Leicester Leicestershire<br>Post Code: LE19 1WZ<br>Main Telephone: 0116 282 3500<br>Main Fax: 0116 2456160<br>Main Email: <br>Website: www.blatchford.co.uk<br>Service Provider / NHS Trust: Blatchford Clinical Services<br>Commissioner / CCG: Blatchford Clinical Services,17A Meridian East    Leicester Leicestershire,0116 282 3500,0116 2456160,,www.blatchford.co.uk,Blatchford Clinical Services,Blatchford Clinical Services
nthlincol,E38000099,North Lincolnshire Wheelchair Service,DN16 1QQ,Address: Horkstow House Brumby Resource Centre East Common Lane  Scunthorpe North Lincolnshire<br>Post Code: DN16 1QQ<br>Main Telephone: 01724 298080<br>Main Fax: 01724 298079<br>Main Email: <br>Website: <br>Service Provider / NHS Trust: North Lincolnshire and Goole Hospitals NHS Foundation Trust<br>Commissioner / CCG: North Lincolnshire and Goole Hospitals NHS Foundation Trust,Horkstow House Brumby Resource Centre East Common Lane  Scunthorpe North Lincolnshire,01724 298080,01724 298079,,,North Lincolnshire and Goole Hospitals NHS Foundation Trust,North Lincolnshire and Goole Hospitals NHS Foundation Trust
grmnthlin,E38000100,Wheelchair Services,DN33 2BA,Address: Diana Princess of Wales Hospital Scartho Road   Grimsby North East Lincolnshire<br>Post Code: DN33 2BA<br>Main Telephone: 01472 875323<br>Main Fax: 01472 875488<br>Main Email: <br>Website: <br>Service Provider / NHS Trust: Northern Lincolnshire and Goole Hospitals NHS Foundation Trust<br>Commissioner / CCG: Northern Lincolnshire and Goole Hospitals NHS Foundation Trust,Diana Princess of Wales Hospital Scartho Road   Grimsby North East Lincolnshire,01472 875323,01472 875488,,,Northern Lincolnshire and Goole Hospitals NHS Foundation Trust,Northern Lincolnshire and Goole Hospitals NHS Foundation Trust
linclincon,E38000100,Lincolnshire Wheelchair Service,LN5 8HJ,Address: Millbrook Healthcare Somer House 84 Great North Terrace  Lincoln Lincolnshire<br>Post Code: LN5 8HJ<br>Main Telephone: 03332 400101<br>Main Fax: <br>Main Email: lincolncontactus@millbrookhealthcare.co.uk<br>Website: <br>Service Provider / NHS Trust: Millbrook Healthcare<br>Commissioner / CCG: Greater East Midlands Commissioning Support Unit,Millbrook Healthcare Somer House 84 Great North Terrace  Lincoln Lincolnshire,03332 400101,,lincolncontactus@millbrookhealthcare.co.uk,,Millbrook Healthcare,Greater East Midlands Commissioning Support Unit
finchlndn,E38000005,Barnet Wheelchair Service,N12 0JE,Address: Finchley Memorial Hospital Granville Road   Finchley London<br>Post Code: N12 0JE<br>Main Telephone: 0845 389 2889<br>Main Fax: 0208 349 7435<br>Main Email: wheelchair.service@barnet-pct.nhs.uk<br>Website: <br>Service Provider / NHS Trust: Barnet Primary Care Trust<br>Commissioner / CCG: Barnet Primary Care Trust,Finchley Memorial Hospital Granville Road   Finchley London,0845 389 2889,0208 349 7435,wheelchair.service@barnet-pct.nhs.uk,,Barnet Primary Care Trust,Barnet Primary Care Trust
camdnldn,E38000027,Camden & Islington  Wheelchair Service,NW5 2TX,Address: The Peckwater Centre 6 Peckwater Street   Camden London<br>Post Code: NW5 2TX<br>Main Telephone: 0203 317 5040<br>Main Fax: 020 7485 5306<br>Main Email: enquiries.wheelchair@camdenpct.nhs.uk<br>Website: www.islington.gov.uk<br>Service Provider / NHS Trust: Camden & Islington Community Health Services NHS Trust<br>Commissioner / CCG: Camden & Islington Community Health Services NHS Trust,The Peckwater Centre 6 Peckwater Street   Camden London,0203 317 5040,020 7485 5306,enquiries.wheelchair@camdenpct.nhs.uk,www.islington.gov.uk,Camden & Islington Community Health Services NHS Trust,Camden & Islington Community Health Services NHS Trust
hcknylnd,E38000035,City & Hackney Wheelchair Service,N1 5LZ,Address: St Leonard's Nuttall Street   Hackney London<br>Post Code: N1 5LZ<br>Main Telephone: 020 7683 4250<br>Main Fax: 020 7613 5359<br>Main Email: <br>Website: <br>Service Provider / NHS Trust: City and Hackney Teaching Primary Care Trust<br>Commissioner / CCG: City and Hackney Teaching Primary Care Trust,St Leonard's Nuttall Street   Hackney London,020 7683 4250,020 7613 5359,,,City and Hackney Teaching Primary Care Trust,City and Hackney Teaching Primary Care Trust
putnyldn,E38000202,Royal Hospital for Neuro-disability,SW15 3SW,Address: West Hill    Putney London<br>Post Code: SW15 3SW<br>Main Telephone: 020 8780 4500 Ex 5050<br>Main Fax: 08701 912602<br>Main Email: kmarshall@rhn.org.uk<br>Website: www.rhn.org.uk<br>Service Provider / NHS Trust: Royal Hospital for Neuro-disability<br>Commissioner / CCG: Royal Hospital for Neuro-disability,West Hill    Putney London,020 8780 4500 Ex 5050,08701 912602,kmarshall@rhn.org.uk,www.rhn.org.uk,Royal Hospital for Neuro-disability,Royal Hospital for Neuro-disability
roelondn,E38000202,Roehampton Wheelchair Service,SW15 5PN,"Address: Queen Mary's Hospital Roehampton Lane Roehampton London<br>Post Code: SW15 5PN<br>Main Telephone: 0208 487 6084/5<br>Main Fax: 0208 487 6186<br>Main Email: Lesley.clarridge@stgeorges.nhs.uk<br>Website: www.stgeorges.nhs.uk/services/community-services/wheelchair-service-and-rehabilitation-engineering/<br>Service Provider / NHS Trust: St George's University Hospitals NHS Foundation Trust<br>Commissioner / CCG: Kingston, Richmond, Merton, Sutton, Spelthorne, Wandsworth, CCG",Queen Mary's Hospital Roehampton Lane Roehampton London,0208 487 6084/5,0208 487 6186,Lesley.clarridge@stgeorges.nhs.uk,www.stgeorges.nhs.uk/services/community-services/wheelchair-service-and-rehabilitation-engineering/,St George's University Hospitals NHS Foundation Trust,"Kingston, Richmond, Merton, Sutton, Spelthorne, Wandsworth, CCG"
farqlondn,E38000023,Guy's and St Thomas's Wheelchair service,SE19 1SZ,Address: Bowley Close Rehabilitation Centre Farquhar Road London<br>Post Code: SE19 1SZ<br>Main Telephone: 020 3049 7760<br>Main Fax: 020 3049 7703<br>Main Email: gst-tr.gsttwheelchairservice@nhs.net<br>Website: <br>Service Provider / NHS Trust: Guy's and St Thomas's NHS Foundation Trust<br>Commissioner / CCG: Lambeth Southwark and Lewisham CCG,Bowley Close Rehabilitation Centre Farquhar Road London,020 3049 7760,020 3049 7703,gst-tr.gsttwheelchairservice@nhs.net,,Guy's and St Thomas's NHS Foundation Trust,Lambeth Southwark and Lewisham CCG
stratlond,E38000113,Newham Wheelchair and Special Seating ServiceWheelchair Services,E15 4LY,Address: 29 Romford Road    Stratford London<br>Post Code: E15 4LY<br>Main Telephone: 020 84969029<br>Main Fax: 020 84969030<br>Main Email: <br>Website: <br>Service Provider / NHS Trust: Newham Primary Care Trust<br>Commissioner / CCG: Newham Primary Care Trust,29 Romford Road    Stratford London,020 84969029,020 84969030,,,Newham Primary Care Trust,Newham Primary Care Trust
hartottlnd,E38000031,Haringey Wheelchair Service,N15 3TH,Address: St Ann's Hospital St Ann's Road   Tottenham London<br>Post Code: N15 3TH<br>Main Telephone: 0208 442 6202<br>Main Fax: 0208 442 6367<br>Main Email: <br>Website: <br>Service Provider / NHS Trust: Haringey Teaching PCT<br>Commissioner / CCG: Haringey Teaching PCT,St Ann's Hospital St Ann's Road   Tottenham London,0208 442 6202,0208 442 6367,,,Haringey Teaching PCT,Haringey Teaching PCT
hrtottlon,E38000202,Haringey Wheelchair Service,N15 3TH,Address: St Ann's Hospital St Ann's Road Tottenham  London London<br>Post Code: N15 3TH<br>Main Telephone: 0208 442 6365<br>Main Fax: 0208 442 6367<br>Main Email: <br>Website: <br>Service Provider / NHS Trust: North Middlesex Hospital NHS Trust<br>Commissioner / CCG: North Middlesex Hospital NHS Trust,St Ann's Hospital St Ann's Road Tottenham  London London,0208 442 6365,0208 442 6367,,,North Middlesex Hospital NHS Trust,North Middlesex Hospital NHS Trust
lonlondn,E38000186,Tower Hamlets Wheelchair Service,E1 4DG,Address:  Mile End Hospital 275 Bancroft Road Mile End London London<br>Post Code: E1 4DG<br>Main Telephone: 020 8223 8842<br>Main Fax: 020 8223 8714<br>Main Email: <br>Website: <br>Service Provider / NHS Trust: Tower Hamlets Primary Care Trust<br>Commissioner / CCG: Tower Hamlets Primary Care Trust,Mile End Hospital 275 Bancroft Road Mile End London London,020 8223 8842,020 8223 8714,,,Tower Hamlets Primary Care Trust,Tower Hamlets Primary Care Trust
grenlond,E38000066,Greenwich Wheelchair Service,SE18 3RZ,Address: Memorial Hospital Shooters Hill   Woolwich London<br>Post Code: SE18 3RZ<br>Main Telephone: 0208 836 8536<br>Main Fax: 020 8856 5473<br>Main Email: <br>Website: <br>Service Provider / NHS Trust: Oxleas NHS Foundation Trust<br>Commissioner / CCG: Oxleas NHS Foundation Trust,Memorial Hospital Shooters Hill   Woolwich London,0208 836 8536,020 8856 5473,,,Oxleas NHS Foundation Trust,Oxleas NHS Foundation Trust
sthseflivp,E38000161,South Sefton Wheelchair Service,L9 7AL,Address: Prosthetic & Wheelchair Centre University Hospital Aintree Longmoor Lane  Liverpool Merseyside<br>Post Code: L9 7AL<br>Main Telephone: 0151 529 8728<br>Main Fax: 0151 529 3031<br>Main Email: <br>Website: <br>Service Provider / NHS Trust: Aintree University Hospitals NHS  Foundation Trust<br>Commissioner / CCG: Aintree University Hospitals NHS  Foundation Trust,Prosthetic & Wheelchair Centre University Hospital Aintree Longmoor Lane  Liverpool Merseyside,0151 529 8728,0151 529 3031,,,Aintree University Hospitals NHS  Foundation Trust,Aintree University Hospitals NHS  Foundation Trust
waltlivpl,E38000068,Walton Centre for Neurology & Neurosurgery (BRSM),L9 7LJ,Address: Lower Lane    Liverpool Merseyside<br>Post Code: L9 7LJ<br>Main Telephone: 0151 525 3622 x5484<br>Main Fax: <br>Main Email: <br>Website: <br>Service Provider / NHS Trust: Aintree Hospitals NHS Trust<br>Commissioner / CCG: Aintree Hospitals NHS Trust,Lower Lane    Liverpool Merseyside,0151 525 3622 x5484,,,,Aintree Hospitals NHS Trust,Aintree Hospitals NHS Trust
livpmersy,E38000101,Liverpool Wheelchair Service,L3 4BL,Address: Lifehouse Brunswick Dock Business Park Summers Road  Liverpool Merseyside<br>Post Code: L3 4BL<br>Main Telephone: 0151 296 7770<br>Main Fax: 0151 296 7764<br>Main Email: liverpoolwheelchairservice@liverpoolch.nhs.uk<br>Website: www.liverpoollifehouse.org.uk<br>Service Provider / NHS Trust: Liverpool Community Heath NHS Trust<br>Commissioner / CCG: Liverpool CCG,Lifehouse Brunswick Dock Business Park Summers Road  Liverpool Merseyside,0151 296 7770,0151 296 7764,liverpoolwheelchairservice@liverpoolch.nhs.uk,www.liverpoollifehouse.org.uk,Liverpool Community Heath NHS Trust,Liverpool CCG
sthelmer,E38000056,Wheelchair Assessment Unit,WA9 3DA,Address: Eccleston Centre St Helens Hospital Marshalls Cross Road  St Helens Merseyside<br>Post Code: WA9 3DA<br>Main Telephone: 01744 646809<br>Main Fax: 01744 646702<br>Main Email: <br>Website: <br>Service Provider / NHS Trust: St Helens and Knowsley Hospitals NHS Trust<br>Commissioner / CCG: St Helens and Knowsley Hospitals NHS Trust,Eccleston Centre St Helens Hospital Marshalls Cross Road  St Helens Merseyside,01744 646809,01744 646702,,,St Helens and Knowsley Hospitals NHS Trust,St Helens and Knowsley Hospitals NHS Trust
knkwlivm,E38000128,Knowsley Centre for Independent Living,L36 6HY,Address: 11 Brickfields Huyton Business Park Huyton Knowsley Liverpool Merseyside<br>Post Code: L36 6HY<br>Main Telephone: 0151 244 4100<br>Main Fax: <br>Main Email: centreforindependentliving@5bp.nhs.uk<br>Website: www.knowsleycil.org<br>Service Provider / NHS Trust: 5 Boroughs NHS Foundation Trust<br>Commissioner / CCG: Knowsley CCG,11 Brickfields Huyton Business Park Huyton Knowsley Liverpool Merseyside,0151 244 4100,,centreforindependentliving@5bp.nhs.uk,www.knowsleycil.org,5 Boroughs NHS Foundation Trust,Knowsley CCG
enflndon,E38000057,Enfield Wheelchair Service,N9 0AH,Address: 14 Centre Way Clavering Estate Montagu Road Edmonton Middlesex<br>Post Code: N9 0AH<br>Main Telephone: 020 8379 8842<br>Main Fax: <br>Main Email: wheelchairservice@enfield.gov.uk<br>Website: <br>Service Provider / NHS Trust: London Borough of Enfield<br>Commissioner / CCG: Enfield CCG,14 Centre Way Clavering Estate Montagu Road Edmonton Middlesex,020 8379 8842,,wheelchairservice@enfield.gov.uk,,London Borough of Enfield,Enfield CCG
hilhmidd,E38000082,Hillingdon Wheelchair Service,UB3 2PB,Address: Wood End Centre Judge Heath Lane   Hayes Middlesex<br>Post Code: UB3 2PB<br>Main Telephone: 01895 484 881<br>Main Fax: 01895 484 882<br>Main Email: <br>Website: <br>Service Provider / NHS Trust: Central and Northwest London NHS Foundation Trust<br>Commissioner / CCG: Central and Northwest London NHS Foundation Trust,Wood End Centre Judge Heath Lane   Hayes Middlesex,01895 484 881,01895 484 882,,,Central and Northwest London NHS Foundation Trust,Central and Northwest London NHS Foundation Trust
harromid,E38000074,Harrow Wheelchair Service,HA1 4TR,Address: Unit 11 Waverley Industrial Estate Hailsham Drive   Harrow Middlesex<br>Post Code: HA1 4TR<br>Main Telephone: 0208 427 2881<br>Main Fax: 0208 427 2934<br>Main Email: <br>Website: <br>Service Provider / NHS Trust: Central and Northwest London NHS Foundation Trust<br>Commissioner / CCG: Central and Northwest London NHS Foundation Trust,Unit 11 Waverley Industrial Estate Hailsham Drive   Harrow Middlesex,0208 427 2881,0208 427 2934,,,Central and Northwest London NHS Foundation Trust,Central and Northwest London NHS Foundation Trust
hounmidd,E38000084,Hounslow Wheelchair and Special Seating Service,TW3 3EL,Address: Heart of Hounslow Centre for Health 92 Bath Road   Hounslow Middlesex<br>Post Code: TW3 3EL<br>Main Telephone: 020 86303 994 / 1277<br>Main Fax: 020 8630 3766<br>Main Email: <br>Website: http://www.hrch.nhs.uk/our-services/services-directory/services-in-hounslow/wheelchair-service-hounslow/<br>Service Provider / NHS Trust: Hounslow and Richmond Community Healthcare NHS Trust<br>Commissioner / CCG: North West London Commissioning Support Unit,Heart of Hounslow Centre for Health 92 Bath Road   Hounslow Middlesex,020 86303 994 / 1277,020 8630 3766,,http://www.hrch.nhs.uk/our-services/services-directory/services-in-hounslow/wheelchair-service-hounslow/,Hounslow and Richmond Community Healthcare NHS Trust,North West London Commissioning Support Unit
breneami,E38000020,Brent and Ealing Wheelchair Service,HA0 4UZ,Address: Wembley Centre for Health & Care Copland Suite 116 Chaplin Road  Wembley Middlesex<br>Post Code: HA0 4UZ<br>Main Telephone: 020 8795 6075<br>Main Fax: 020 8795 6074<br>Main Email: harriet.beynon@brentpct.nhs.uk<br>Website: <br>Service Provider / NHS Trust: NHS Brent (Hosting  Ealing)<br>Commissioner / CCG: NHS Brent (Hosting  Ealing),Wembley Centre for Health & Care Copland Suite 116 Chaplin Road  Wembley Middlesex,020 8795 6075,020 8795 6074,harriet.beynon@brentpct.nhs.uk,,NHS Brent (Hosting  Ealing),NHS Brent (Hosting  Ealing)
knglynofk,E38000203,Kings Lynn  Wheelchair Service,PE30 4ET,Address: Queen Elizabeth Hospital Gayton Road   Kings Lynn Norfolk<br>Post Code: PE30 4ET<br>Main Telephone: 01553 613761<br>Main Fax: 01553 613196<br>Main Email: wheelchairservice@qehkl.nhs.uk<br>Website: <br>Service Provider / NHS Trust: The Queen Elizabeth Hospital Kings Lynn NHS Foundation Trust<br>Commissioner / CCG: West Norfolk CCG,Queen Elizabeth Hospital Gayton Road   Kings Lynn Norfolk,01553 613761,01553 613196,wheelchairservice@qehkl.nhs.uk,,The Queen Elizabeth Hospital Kings Lynn NHS Foundation Trust,West Norfolk CCG
nrchnorf,E38000218,Norwich Disablement  Services Centre,NR2 3UD,Address: (Julian Hospital Site)  201 Bowthorpe Road  Norwich Norfolk<br>Post Code: NR2 3UD<br>Main Telephone: 01603 216956<br>Main Fax: 01603 216969<br>Main Email: <br>Website: <br>Service Provider / NHS Trust: NHS Norfolk -Norfolk Community Health and Care<br>Commissioner / CCG: NHS Norfolk -Norfolk Community Health and Care,(Julian Hospital Site)  201 Bowthorpe Road  Norwich Norfolk,01603 216956,01603 216969,,,NHS Norfolk -Norfolk Community Health and Care,NHS Norfolk -Norfolk Community Health and Care
gtyarnrfk,E38000063,Great Yarmouth & Waveney Wheelchair Service,NR31 9AQ,Address: Norfolk Coastal Centre for Independent Life Woodfarm Lane Beacon Park Gorleston Great Yarmouth Norfolk<br>Post Code: NR31 9AQ<br>Main Telephone: 01493 659722<br>Main Fax: 01493 659715<br>Main Email: <br>Website: <br>Service Provider / NHS Trust: Suffolk PCT on Behalf of Gt Yarmouth & Waveney PCT<br>Commissioner / CCG: Suffolk PCT on Behalf of Gt Yarmouth & Waveney PCT,Norfolk Coastal Centre for Independent Life Woodfarm Lane Beacon Park Gorleston Great Yarmouth Norfolk,01493 659722,01493 659715,,,Suffolk PCT on Behalf of Gt Yarmouth & Waveney PCT,Suffolk PCT on Behalf of Gt Yarmouth & Waveney PCT
wrexntwl,E38000196,Artificial Limb and Appliance Service,LL13 7TD,Address: Wrexham Maelor Hospital Croesnewydd Road   Wrexham North Wales<br>Post Code: LL13 7TD<br>Main Telephone: 01978 727524<br>Main Fax: 01978 727307<br>Main Email: <br>Website: <br>Service Provider / NHS Trust: North East Wales NHS Trust<br>Commissioner / CCG: North East Wales NHS Trust,Wrexham Maelor Hospital Croesnewydd Road   Wrexham North Wales,01978 727524,01978 727307,,,North East Wales NHS Trust,North East Wales NHS Trust
nthallyks,E38000052,Northallerton Wheelchair Centre,DL6 1JG,Address: The Friarage Hospital    Northallerton North Yorkshire<br>Post Code: DL6 1JG<br>Main Telephone: 01609 763914<br>Main Fax: 01609 763050<br>Main Email: <br>Website: <br>Service Provider / NHS Trust: Harrogate and District Foundation Trust<br>Commissioner / CCG: Harrogate and District Foundation Trust,The Friarage Hospital    Northallerton North Yorkshire,01609 763914,01609 763050,,,Harrogate and District Foundation Trust,Harrogate and District Foundation Trust
harrgnyks,E38000073,Harrogate Wheelchair Service,HG5 8LF,Address: Unit 2 Manse Lane   Knaresborough North Yorkshire<br>Post Code: HG5 8LF<br>Main Telephone: 01423 554615<br>Main Fax: 01423 554601<br>Main Email: york.nhswheelchairservice@nhs.net<br>Website: www.hdft.nhs.uk<br>Service Provider / NHS Trust: Harrogate and District Foundation Trust<br>Commissioner / CCG: Harrogate CCG,Unit 2 Manse Lane   Knaresborough North Yorkshire,01423 554615,01423 554601,york.nhswheelchairservice@nhs.net,www.hdft.nhs.uk,Harrogate and District Foundation Trust,Harrogate CCG
nyorknyo,E38000188,North Yorkshire and York Wheelchair Centre,YO30 5SF,Address: Blue Beck House Blue Beck Drive Shipton Road York North Yorkshire<br>Post Code: YO30 5SF<br>Main Telephone: 01904 654052<br>Main Fax: 01904 675093<br>Main Email: cabsl.NYOwheelchairs@nhs.net<br>Website: www.blatchford.co.uk/locations/north-yorkshire-and-york-nhs-wheelchair-service/<br>Service Provider / NHS Trust: NRS Healthcare<br>Commissioner / CCG: Vale of York CCG,Blue Beck House Blue Beck Drive Shipton Road York North Yorkshire,01904 654052,01904 675093,cabsl.NYOwheelchairs@nhs.net,www.blatchford.co.uk/locations/north-yorkshire-and-york-nhs-wheelchair-service/,NRS Healthcare,Vale of York CCG
scrbnthyk,E38000145,Scarborough Wheelchair Centre,YO12 4AD,Address:  Springhill House   Scarborough North Yorkshire<br>Post Code: YO12 4AD<br>Main Telephone: 01723 353177<br>Main Fax: <br>Main Email: <br>Website: <br>Service Provider / NHS Trust: Harrogate and District Foundation Trust<br>Commissioner / CCG: Harrogate and District Foundation Trust,Springhill House   Scarborough North Yorkshire,01723 353177,,,,Harrogate and District Foundation Trust,Harrogate and District Foundation Trust
kettnorth,E38000104,Northamptonshire Wheelchair Service Assessment Team,NN16 8NN,Address: Forest House 2 Riley Road   Kettering Northamptonshire<br>Post Code: NN16 8NN<br>Main Telephone: 01536 516069<br>Main Fax: 01536 527402<br>Main Email: wheelchair.assessment@nhft.nhs.uk<br>Website: <br>Service Provider / NHS Trust: Northamptonshire Healthcare NHS Foundation Trust<br>Commissioner / CCG: Nene CCG,Forest House 2 Riley Road   Kettering Northamptonshire,01536 516069,01536 527402,wheelchair.assessment@nhft.nhs.uk,,Northamptonshire Healthcare NHS Foundation Trust,Nene CCG
nthunort,E38000130,Northumberland Wheelchair Service,NE23 1WB,Address: Community Stores Unit 43 Colbourne Crescent Nelson Park Industrial Estate Cramlington Northumberland<br>Post Code: NE23 1WB<br>Main Telephone: 01670 730595<br>Main Fax: 01670 730537<br>Main Email: wheelchairservices@northumbria-healthcare.nhs.uk<br>Website: <br>Service Provider / NHS Trust: Northumbria Healthcare NHS Foundation Trust<br>Commissioner / CCG: Northumberland CCG,Community Stores Unit 43 Colbourne Crescent Nelson Park Industrial Estate Cramlington Northumberland,01670 730595,01670 730537,wheelchairservices@northumbria-healthcare.nhs.uk,,Northumbria Healthcare NHS Foundation Trust,Northumberland CCG
nottnottn,E38000132,Nottingham Mobility Centre,NG5 1PJ,Address: City Campus Hospital Nottingham University Trust Hucknall Road  Nottingham Nottinghamshire<br>Post Code: NG5 1PJ<br>Main Telephone: 0115 9691169 ext 56549<br>Main Fax: 0115 9628052<br>Main Email: <br>Website: www.nuh.nhs.uk<br>Service Provider / NHS Trust: <br>Commissioner / CCG: Mobility Centre,City Campus Hospital Nottingham University Trust Hucknall Road  Nottingham Nottinghamshire,0115 9691169 ext 56549,0115 9628052,,www.nuh.nhs.uk,,Mobility Centre
mannottn,E38000103,Mansfield Wheelchair Service,NG18 5QJ,Address: Mansfield Community Hospital Stockwell Gate   Mansfield Nottinghamshire<br>Post Code: NG18 5QJ<br>Main Telephone: 01623 785076<br>Main Fax: 01623 622931<br>Main Email: <br>Website: <br>Service Provider / NHS Trust: Sherwood Forest Hospitals Trust<br>Commissioner / CCG: Sherwood Forest Hospitals Trust,Mansfield Community Hospital Stockwell Gate   Mansfield Nottinghamshire,01623 785076,01623 622931,,,Sherwood Forest Hospitals Trust,Sherwood Forest Hospitals Trust
oxfoxfds,E38000136,Oxfordshire Wheelchair Service  OCE,OX3 7HE,Address: Nuffield Orthopaedic Centre Windmill Road Headington  Oxford Oxon<br>Post Code: OX3 7HE<br>Main Telephone: 01865 227273<br>Main Fax: 01865 227294<br>Main Email: oxfordshire.wheelchairservice@ouh.nhs.uk<br>Website: <br>Service Provider / NHS Trust: Oxford University Hospitals NHS Trust<br>Commissioner / CCG: Oxfordshire,Nuffield Orthopaedic Centre Windmill Road Headington  Oxford Oxon,01865 227273,01865 227294,oxfordshire.wheelchairservice@ouh.nhs.uk,,Oxford University Hospitals NHS Trust,Oxfordshire
shrewshp,E38000147,Shropshire Wheelchair & Posture Service,SY1 3NJ,Address: Shropshire Rehabilitation Centre Lancaster Road Harlescott  Shrewsbury Shropshire<br>Post Code: SY1 3NJ<br>Main Telephone: 01743 444051<br>Main Fax: 01743 444071<br>Main Email: <br>Website: www.shropshirecommunityhealth.nhs.uk<br>Service Provider / NHS Trust: Shropshire Community Health NHS Trust<br>Commissioner / CCG: Shropshire Community Health NHS Trust,Shropshire Rehabilitation Centre Lancaster Road Harlescott  Shrewsbury Shropshire,01743 444051,01743 444071,,www.shropshirecommunityhealth.nhs.uk,Shropshire Community Health NHS Trust,Shropshire Community Health NHS Trust
carsglam,E38000056,Artificial Limb and Appliance Service,CF5 2YN,Address: Rookwood Hospital Fairwater Road Llandaff  Cardiff South Glamorgan<br>Post Code: CF5 2YN<br>Main Telephone: 029 20 313905<br>Main Fax: 029 20 565355<br>Main Email: <br>Website: www.wales.nhs.uk/alas<br>Service Provider / NHS Trust: Cardiff and Vale University Health Board<br>Commissioner / CCG: Cardiff and Vale University Health Board,Rookwood Hospital Fairwater Road Llandaff  Cardiff South Glamorgan,029 20 313905,029 20 565355,,www.wales.nhs.uk/alas,Cardiff and Vale University Health Board,Cardiff and Vale University Health Board
donsthyk,E38000022,Wheelchair and Special Seating Services,DN4 8QN,Address: Tickhill Road Hospital Tickhill road Balby  Doncaster South Yorkshire<br>Post Code: DN4 8QN<br>Main Telephone: 01302 566701<br>Main Fax: 01302 798366<br>Main Email: <br>Website: www.rdash.nhs.uk<br>Service Provider / NHS Trust: Rotherham Doncaster South Humber NHS Foundation Trust<br>Commissioner / CCG: Rotherham Doncaster South Humber NHS Foundation Trust,Tickhill Road Hospital Tickhill road Balby  Doncaster South Yorkshire,01302 566701,01302 798366,,www.rdash.nhs.uk,Rotherham Doncaster South Humber NHS Foundation Trust,Rotherham Doncaster South Humber NHS Foundation Trust
rthstyork,E38000141,Rotherham Equipment & Wheelchair Services ,S65 1SU,Address: Chesterton Road Eastwood Trading Estate   Rotherham South Yorkshire<br>Post Code: S65 1SU<br>Main Telephone: 01709 302261<br>Main Fax: 01709 302753<br>Main Email: <br>Website: <br>Service Provider / NHS Trust: Rotherham NHS Foundation Trust<br>Commissioner / CCG: Rotherham NHS Foundation Trust,Chesterton Road Eastwood Trading Estate   Rotherham South Yorkshire,01709 302261,01709 302753,,,Rotherham NHS Foundation Trust,Rotherham NHS Foundation Trust
sffstyork,E38000146,Mobility and Specialised Rehabilitation Centre,S5 7AU,Address: Herries Road    Sheffield South Yorkshire<br>Post Code: S5 7AU<br>Main Telephone: 0114 2715807<br>Main Fax: 0114 2269220<br>Main Email: <br>Website: <br>Service Provider / NHS Trust: Sheffield Teaching Hospitals NHS Foundation Trust<br>Commissioner / CCG: Sheffield Teaching Hospitals NHS Foundation Trust,Herries Road    Sheffield South Yorkshire,0114 2715807,0114 2269220,,,Sheffield Teaching Hospitals NHS Foundation Trust,Sheffield Teaching Hospitals NHS Foundation Trust
canstffds,E38000153,Staffordshire Wheelchair Service - (South),WS11 9SS,Address: Unit 8 Norton Canes Business Park Norton Green Lane Cannock Staffordshire<br>Post Code: WS11 9SS<br>Main Telephone: 01782 216940<br>Main Fax: 01782 285224<br>Main Email: Staffordshire.wheelchairs@nhs.net<br>Website: www.opcare.co.uk<br>Service Provider / NHS Trust: Opcare Ltd<br>Commissioner / CCG: Staffordshire CCG's,Unit 8 Norton Canes Business Park Norton Green Lane Cannock Staffordshire,01782 216940,01782 285224,Staffordshire.wheelchairs@nhs.net,www.opcare.co.uk,Opcare Ltd,Staffordshire CCG's
clifstffds,E38000126,Staffordshire Wheelchair Service (North),ST6 7AG,Address: Clifford Street Hanley Stoke on Trent Staffordshire<br><br>Post Code: ST6 7AG<br>Main Telephone: 01782 216940<br>Main Fax: 01782 285224<br>Main Email: Staffordshire.wheelchairs@nhs.net<br><br>Website: www.opcare.co.uk<br>Service Provider / NHS Trust: Opcare Ltd<br>Commissioner / CCG: Stoke on Trent CCG,Clifford Street Hanley Stoke on Trent Staffordshire,01782 216940,01782 285224,Staffordshire.wheelchairs@nhs.net,www.opcare.co.uk,Opcare Ltd,Stoke on Trent CCG
wsfbsted,E38000204,West Suffolk Wheelchair Services,IP32 7BX,Address: Disability Resource Centre Bunting Road Moreton Hall Estate  Bury St Edmunds Suffolk<br>Post Code: IP32 7BX<br>Main Telephone: 01284 748843<br>Main Fax: 01284 748889<br>Main Email: <br>Website: <br>Service Provider / NHS Trust: Suffolk Primary Care Trust<br>Commissioner / CCG: Suffolk Primary Care Trust,Disability Resource Centre Bunting Road Moreton Hall Estate  Bury St Edmunds Suffolk,01284 748843,01284 748889,,,Suffolk Primary Care Trust,Suffolk Primary Care Trust
esfipswsf,E38000086,East Suffolk Wheelchair Service,IP2 0QY,Address: Chantry Clinic Hawthorn Drive   Ipswich Suffolk<br>Post Code: IP2 0QY<br>Main Telephone: 01473 692727<br>Main Fax: 01473 603640<br>Main Email: <br>Website: <br>Service Provider / NHS Trust: Suffolk Primary Care Trust<br>Commissioner / CCG: Suffolk Primary Care Trust,Chantry Clinic Hawthorn Drive   Ipswich Suffolk,01473 692727,01473 603640,,,Suffolk Primary Care Trust,Suffolk Primary Care Trust
leathsrry,E38000128,Central Surrey Wheelchair Service,KT22 8SD,Address: Leatherhead Hospital Poplar Road   Leatherhead Surrey<br>Post Code: KT22 8SD<br>Main Telephone: 01372 384383<br>Main Fax: 01372 384374<br>Main Email: csh.wheelchairservice@nhs.net<br>Website: <br>Service Provider / NHS Trust: Central Surrey Wheelchair Service<br>Commissioner / CCG: Central Surrey Wheelchair Service,Leatherhead Hospital Poplar Road   Leatherhead Surrey,01372 384383,01372 384374,csh.wheelchairservice@nhs.net,,Central Surrey Wheelchair Service,Central Surrey Wheelchair Service
crydsurry,E38000040,Croydon Wheelchair Services,CR0 2QT,Address: 28 Boulogne Road    Croydon Surrey<br>Post Code: CR0 2QT<br>Main Telephone: 020 8665 9313<br>Main Fax: 020 8689 9169<br>Main Email: <br>Website: <br>Service Provider / NHS Trust: Croydon  NHS Primary Care Trust<br>Commissioner / CCG: Croydon  NHS Primary Care Trust,28 Boulogne Road    Croydon Surrey,020 8665 9313,020 8689 9169,,,Croydon  NHS Primary Care Trust,Croydon  NHS Primary Care Trust
woksurry,E38000178,Surrey Wheelchair Services,GU22 7HS,Address: Woking Community Hospital Heathside Road   Woking Surrey<br>Post Code: GU22 7HS<br>Main Telephone: 0300 303 85 39<br>Main Fax: 01483 846265<br>Main Email: wheelchair.services@virgincare.co.uk<br>Website: www.virgincare.co.uk<br>Service Provider / NHS Trust: Virgincare NHS<br>Commissioner / CCG: Virgincare NHS,Woking Community Hospital Heathside Road   Woking Surrey,0300 303 85 39,01483 846265,wheelchair.services@virgincare.co.uk,www.virgincare.co.uk,Virgincare NHS,Virgincare NHS
bognwssx,E38000083,Bognor Regis Wheelchair Service,PO22 9PP,Address: Bognor Regis War Memorial Hospital Shripney Road   Bognor Regis West Sussex<br>Post Code: PO22 9PP<br>Main Telephone: 01243 623650<br>Main Fax: 01243 623652<br>Main Email: SCT-TR.wheelchairservicebognor@nhs.net<br>Website: http://www.sussexcommunity.nhs.uk<br>Service Provider / NHS Trust: Sussex Community NHS Trust<br>Commissioner / CCG: Sussex Community NHS Trust,Bognor Regis War Memorial Hospital Shripney Road   Bognor Regis West Sussex,01243 623650,01243 623652,SCT-TR.wheelchairservicebognor@nhs.net,http://www.sussexcommunity.nhs.uk,Sussex Community NHS Trust,Sussex Community NHS Trust
horwessx,E38000083,Sussex Community NHS Trust Wheelchair Service - Horsham Locality,RH12 2DR,Address: Horsham Hospital Hurst Road   Horsham West Sussex<br>Post Code: RH12 2DR<br>Main Telephone: 01403 227000 ext 7160<br>Main Fax: 01403 227015<br>Main Email: <br>Website: <br>Service Provider / NHS Trust: Sussex Community NHS Trust<br>Commissioner / CCG: Sussex Community NHS Trust,Horsham Hospital Hurst Road   Horsham West Sussex,01403 227000 ext 7160,01403 227015,,,Sussex Community NHS Trust,Sussex Community NHS Trust
worbrssx,E38000213,Worthing Wheelchair Service,BN2 3EX,Address: Sussex Rehabilitation Centre Brighton General Hospital Elm Grove  Brighton East Sussex<br>Post Code: BN2 3EX<br>Main Telephone: 01273 265850<br>Main Fax: 01273 242016<br>Main Email: SC-TR.wheelchairserviceworthing@nhs.net<br>Website: <br>Service Provider / NHS Trust: Sussex Community NHS Trust<br>Commissioner / CCG: Sussex Community NHS Trust,Sussex Rehabilitation Centre Brighton General Hospital Elm Grove  Brighton East Sussex,01273 265850,01273 242016,SC-TR.wheelchairserviceworthing@nhs.net,,Sussex Community NHS Trust,Sussex Community NHS Trust
taysdnde,E38000182,Tayside Orthopaedic & Rehabilitation Technology Centre,DD1 9SY,Address: Ninewells Hospital    Dundee Tayside<br>Post Code: DD1 9SY<br>Main Telephone: 01382 496299/496300<br>Main Fax: 01382 496322<br>Main Email: geoff.bardsley@tuht.scot.nhs.uk<br>Website: <br>Service Provider / NHS Trust: NHS Tayside<br>Commissioner / CCG: NHS Tayside,Ninewells Hospital    Dundee Tayside,01382 496299/496300,01382 496322,geoff.bardsley@tuht.scot.nhs.uk,,NHS Tayside,NHS Tayside
steemidd,E38000162,South Tees Wheelchair Service,TS4 3BW,Address: The James Cook University Hospital Marton Road   Middlesbrough Cleveland<br>Post Code: TS4 3BW<br>Main Telephone: 01642 854127<br>Main Fax: 01642 854376<br>Main Email: Christine.willans@stees.nhs.uk<br>Website: <br>Service Provider / NHS Trust: South Tees Acute Hospitals NHS Foundation Trust<br>Commissioner / CCG: South Tees CCG,The James Cook University Hospital Marton Road   Middlesbrough Cleveland,01642 854127,01642 854376,Christine.willans@stees.nhs.uk,,South Tees Acute Hospitals NHS Foundation Trust,South Tees CCG
sundtyne,E38000176,Sunderland Wheelchair Service,SR2 9TS,Address: Independant Living Centre Claymere Road Leechmere Industrial Estate  Sunderland Tyne & Wear<br>Post Code: SR2 9TS<br>Main Telephone: 0191 520 5555<br>Main Fax: 0191 5662182<br>Main Email: <br>Website: <br>Service Provider / NHS Trust: City of Sunderland Social Services<br>Commissioner / CCG: City of Sunderland Social Services,Independant Living Centre Claymere Road Leechmere Industrial Estate  Sunderland Tyne & Wear,0191 520 5555,0191 5662182,,,City of Sunderland Social Services,City of Sunderland Social Services
gatetyne,E38000212,Gateshead Wheelchair Services,NE11 0QD,Address: Queens Park Queensway North Team Valley Trading Estate  Gateshead Tyne and Wear<br>Post Code: NE11 0QD<br>Main Telephone: 0845 111 1155<br>Main Fax: 0191 4434413<br>Main Email: <br>Website: <br>Service Provider / NHS Trust: South Tyneside Foundation NHS Trust<br>Commissioner / CCG: Gateshead CCG,Queens Park Queensway North Team Valley Trading Estate  Gateshead Tyne and Wear,0845 111 1155,0191 4434413,,,South Tyneside Foundation NHS Trust,Gateshead CCG
newctyne,E38000212,Newcastle Disablement Services Centre,NE7 7AF,Address: Freeman Road High Heaton   Newcastle Upon Tyne Tyne and Wear<br>Post Code: NE7 7AF<br>Main Telephone: 0191 223 1184<br>Main Fax: 0191 2231251<br>Main Email: <br>Website: <br>Service Provider / NHS Trust: Newcastle Upon Tyne Hospitals NHS Foundation Trust<br>Commissioner / CCG: Newcastle Upon Tyne Hospitals NHS Foundation Trust,Freeman Road High Heaton   Newcastle Upon Tyne Tyne and Wear,0191 223 1184,0191 2231251,,,Newcastle Upon Tyne Hospitals NHS Foundation Trust,Newcastle Upon Tyne Hospitals NHS Foundation Trust
stysthshld,E38000127,Wheelchair Services,NE34 0PL,Address: South Tyneside District Hospital Harton Lane   South Shields Tyne and Wear<br>Post Code: NE34 0PL<br>Main Telephone: 0191 404 1000<br>Main Fax: 0191 456 2980<br>Main Email: <br>Website: <br>Service Provider / NHS Trust: South Tyneside NHS Foundation Trust<br>Commissioner / CCG: South Tyneside NHS Foundation Trust,South Tyneside District Hospital Harton Lane   South Shields Tyne and Wear,0191 404 1000,0191 456 2980,,,South Tyneside NHS Foundation Trust,South Tyneside NHS Foundation Trust
nttynside,E38000127,North Tyneside Wheelchair Service,NE29 0SF,Address: Victoria Therapy Centre Hawkeys Lane   North Shields Tyneside<br>Post Code: NE29 0SF<br>Main Telephone: 0191 282 8090<br>Main Fax: 0191 219 6619<br>Main Email: wheelchair.service@northtyneside-pct.nhs.uk<br>Website: <br>Service Provider / NHS Trust: Northumbria Healthcare NHS Foundation Trust<br>Commissioner / CCG: Northumbria Healthcare NHS Foundation Trust,Victoria Therapy Centre Hawkeys Lane   North Shields Tyneside,0191 282 8090,0191 219 6619,wheelchair.service@northtyneside-pct.nhs.uk,,Northumbria Healthcare NHS Foundation Trust,Northumbria Healthcare NHS Foundation Trust
warwarw,E38000164,Warwickshire Wheelchair & Special Seating Service,CV34 6SR,"Address: Leamington HospitalÂ Heathcote Lane HeathcoteÂ  Warwick Warwickshire<br>Post Code: CV34 6SR<br>Main Telephone: 01926 317723<br>Main Fax: 01926 317710<br>Main Email: wheelchairs@swft.nhs.uk<br>Website: <br>Service Provider / NHS Trust: S Warwickshire CCG, Coventry and Rugby CCG, N Warwickshire CCG<br>Commissioner / CCG: NHS Warwickshire",Leamington HospitalÂ Heathcote Lane HeathcoteÂ  Warwick Warwickshire,01926 317723,01926 317710,wheelchairs@swft.nhs.uk,,"S Warwickshire CCG, Coventry and Rugby CCG, N Warwickshire CCG",NHS Warwickshire
nthwarw,E38000164,North Warwickshire & Rugby Wheelchair Service,CV11 5TY,Address: Riversley Park Clinic Cotton Road   Nuneaton Warwickshire<br>Post Code: CV11 5TY<br>Main Telephone: 02476 321483<br>Main Fax: 01203 320526<br>Main Email: <br>Website: <br>Service Provider / NHS Trust: North Warwickshire NHS Trust<br>Commissioner / CCG: North Warwickshire NHS Trust,Riversley Park Clinic Cotton Road   Nuneaton Warwickshire,02476 321483,01203 320526,,,North Warwickshire NHS Trust,North Warwickshire NHS Trust
covwesm,E38000038,Coventry Wheelchair Service,CV1 4NZ,Address: Newfield House KingField Road   Coventry West Midlands<br>Post Code: CV1 4NZ<br>Main Telephone: 02476 237 055<br>Main Fax: 02476 237 052<br>Main Email: <br>Website: <br>Service Provider / NHS Trust: Coventry and Warwickshire Partnership Trust<br>Commissioner / CCG: Coventry and Warwickshire Partnership Trust,Newfield House KingField Road   Coventry West Midlands,02476 237 055,02476 237 052,,,Coventry and Warwickshire Partnership Trust,Coventry and Warwickshire Partnership Trust
sandwmid,E38000144,Sandwell Wheelchair Service,B66 1JE,Address: Independent Living Centre 100 Oldbury Road   Smethwick West Midlands<br>Post Code: B66 1JE<br>Main Telephone: 0121 565 7950<br>Main Fax: 0121 565 7975<br>Main Email: <br>Website: <br>Service Provider / NHS Trust: Sandwell and West Birmingham Hospitals NHS Trust<br>Commissioner / CCG: Sandwell and West Birmingham Hospitals NHS Trust,Independent Living Centre 100 Oldbury Road   Smethwick West Midlands,0121 565 7950,0121 565 7975,,,Sandwell and West Birmingham Hospitals NHS Trust,Sandwell and West Birmingham Hospitals NHS Trust
solihlwm,E38000149,Solihull Wheelchair Service,B37 7HY,Address: Unit 1 and 6 Century Park Starley Way Bickenhill  Solihull West Midlands<br>Post Code: B37 7HY<br>Main Telephone: 0121 3290900<br>Main Fax: <br>Main Email: <br>Website: <br>Service Provider / NHS Trust: Solihull Metropolitan Borough Council<br>Commissioner / CCG: Solihull Metropolitan Borough Council,Unit 1 and 6 Century Park Starley Way Bickenhill  Solihull West Midlands,0121 3290900,,,,Solihull Metropolitan Borough Council,Solihull Metropolitan Borough Council
dudwmd,E38000046,Dudley Wheelchair Service,DY8 4JB,Address: Corbett Outpatient Centre Vicarage Rd   Stourbridge West Midlands<br>Post Code: DY8 4JB<br>Main Telephone: 01384 244793<br>Main Fax: 01384 244755<br>Main Email: wheelchair.service@dgoh.nhs.uk<br>Website: <br>Service Provider / NHS Trust: The Dudley Group of Hospitals NHS Trust<br>Commissioner / CCG: The Dudley Group of Hospitals NHS Trust,Corbett Outpatient Centre Vicarage Rd   Stourbridge West Midlands,01384 244793,01384 244755,wheelchair.service@dgoh.nhs.uk,,The Dudley Group of Hospitals NHS Trust,The Dudley Group of Hospitals NHS Trust
walsllwm,E38000191,Walsall ICES Community Equipment Stores,WS12 4HD,Address: Units 5  Electrium Point Ashmore Lake Way  Willenhall West Midlands<br>Post Code: WS12 4HD<br>Main Telephone: 01922 604960<br>Main Fax: 01922 655707<br>Main Email: <br>Website: <br>Service Provider / NHS Trust: Walsall Healthcare NHS<br>Commissioner / CCG: Walsall Healthcare NHS,Units 5  Electrium Point Ashmore Lake Way  Willenhall West Midlands,01922 604960,01922 655707,,,Walsall Healthcare NHS,Walsall Healthcare NHS
wolwmd,E38000210,Wolverhampton Wheelchair Service Maltings Mobility Centre,WV1 1NQ,Address: The Maltings Herbert Street   Wolverhampton West Midlands<br>Post Code: WV1 1NQ<br>Main Telephone: 01902 444042<br>Main Fax: 01902 444038<br>Main Email: <br>Website: <br>Service Provider / NHS Trust: Wolverhampton City Primary Care Trust<br>Commissioner / CCG: Wolverhampton City Primary Care Trust,The Maltings Herbert Street   Wolverhampton West Midlands,01902 444042,01902 444038,,,Wolverhampton City Primary Care Trust,Wolverhampton City Primary Care Trust
birmwmd,E38000012,Birmingham  Wheelchair Service,B29 6JA,Address: West Midlands Rehab Centre 91 Oak Tree Lane Selly Oak  Birmingham West Midlands<br>Post Code: B29 6JA<br>Main Telephone: 0121 466 3000<br>Main Fax: 0121 471 3690<br>Main Email: Birmingham.Wheelchairs@NHS.net<br>Website: www.bhamcommunity.nhs.uk/wheelchair<br>Service Provider / NHS Trust: Birmingham Community Healthcare NHS Trust<br>Commissioner / CCG:,West Midlands Rehab Centre 91 Oak Tree Lane Selly Oak  Birmingham West Midlands,0121 466 3000,0121 471 3690,Birmingham.Wheelchairs@NHS.net,www.bhamcommunity.nhs.uk/wheelchair,Birmingham Community Healthcare NHS Trust,
airwyork,E38000001,Airedale Mobility Services,BD20 6TD,Address: Airedale General Hospital Skipton Road Steeton  Near Keighley West Yorkshire<br>Post Code: BD20 6TD<br>Main Telephone: 01535 292228<br>Main Fax: 01535 294684<br>Main Email: <br>Website: www.airedale-trust.nhs.uk<br>Service Provider / NHS Trust: Airedale NHS Foundation Trust<br>Commissioner / CCG: Airedale NHS Foundation Trust,Airedale General Hospital Skipton Road Steeton  Near Keighley West Yorkshire,01535 292228,01535 294684,,www.airedale-trust.nhs.uk,Airedale NHS Foundation Trust,Airedale NHS Foundation Trust
bradwyor,E38000018,Bradford Wheelchair Assessment Centre,BD8 9RY,Address: Unit 1 Four Lanes Business Park Cemetary Road   Bradford West Yorkshire<br>Post Code: BD8 9RY<br>Main Telephone: 01274 322555<br>Main Fax: 01274 322515<br>Main Email: <br>Website: <br>Service Provider / NHS Trust: Bradford Teaching Hospitals NHS Trust<br>Commissioner / CCG: Bradford Teaching Hospitals NHS Trust,Unit 1 Four Lanes Business Park Cemetary Road   Bradford West Yorkshire,01274 322555,01274 322515,,,Bradford Teaching Hospitals NHS Trust,Bradford Teaching Hospitals NHS Trust
caldhawy,E38000064,"Calderdale, Greater Huddersfield and North Kirklees Posture and Mobility Services",HX5 9HB,Address: Unit G7 Navigation Close Lowfields Business Park Elland Halifax West Yorkshire<br>Post Code: HX5 9HB<br>Main Telephone: 01422 312729<br>Main Fax: 01422 314640<br>Main Email: HuddersfieldWheelchairs@opcare.co.uk<br>Website: <br>Service Provider / NHS Trust: Opcare Ltd<br>Commissioner / CCG: Calderdale North Kirklees and Greater Huddersfield,Unit G7 Navigation Close Lowfields Business Park Elland Halifax West Yorkshire,01422 312729,01422 314640,HuddersfieldWheelchairs@opcare.co.uk,,Opcare Ltd,Calderdale North Kirklees and Greater Huddersfield
leedwyks,E38000096,Leeds Wheelchair Centre,LS14 6UH,Address: Seacroft Hospital York Road   Leeds West Yorkshire<br>Post Code: LS14 6UH<br>Main Telephone: 0113 2063855<br>Main Fax: 0113 2063857<br>Main Email: wheelchairs.cah@leedsth.nhs.uk<br>Website: http://www.leedsth.nhs.uk/a-z-of-services/specialist-rehabilitation<br>Service Provider / NHS Trust: The Leeds Teaching Hospital NHS Trust<br>Commissioner / CCG: Leeds West CCG,Seacroft Hospital York Road   Leeds West Yorkshire,0113 2063855,0113 2063857,wheelchairs.cah@leedsth.nhs.uk,http://www.leedsth.nhs.uk/a-z-of-services/specialist-rehabilitation,The Leeds Teaching Hospital NHS Trust,Leeds West CCG
wakleeds,E38000190,Wakefield Wheelchair Services,WF2 8EF,Address: Unit 10   Turner Way Trinity Business Park   Wakefield West Yorkshire<br>Post Code: WF2 8EF<br>Main Telephone: 01924 327133<br>Main Fax: 01924 328152<br>Main Email: <br>Website: <br>Service Provider / NHS Trust: Wakefield Metropolitan District Council<br>Commissioner / CCG: Wakefield Metropolitan District Council,Unit 10   Turner Way Trinity Business Park   Wakefield West Yorkshire,01924 327133,01924 328152,,,Wakefield Metropolitan District Council,Wakefield Metropolitan District Council
wiltshre,E38000206,Wiltshire Wheelchair Service and Specialist Service,SN12 7NA,Address: Melksham Community Hospital Spa Road Melksham Wiltshire<br>Post Code: SN12 7NA<br>Main Telephone: 01225 899 130<br>Main Fax: 01225 701696<br>Main Email: Joanne.lawton@gwh.nhs.uk<br>Website: <br>Service Provider / NHS Trust: Great Western Hospitals NHS Foundation Trust<br>Commissioner / CCG: Wiltshire CCG,Melksham Community Hospital Spa Road Melksham Wiltshire,01225 899 130,01225 701696,Joanne.lawton@gwh.nhs.uk,,Great Western Hospitals NHS Foundation Trust,Wiltshire CCG
swindwre,E38000181,Swindon Wheelchair and Special Seating Service,SN2 8UU,Address: Unit 12 Birch Kembrey Park   Swindon Wiltshire<br>Post Code: SN2 8UU<br>Main Telephone: 0303 333 1460 option 2<br>Main Fax: 01793 422821<br>Main Email: <br>Website: <br>Service Provider / NHS Trust: SEQQL<br>Commissioner / CCG: SEQQL,Unit 12 Birch Kembrey Park   Swindon Wiltshire,0303 333 1460 option 2,01793 422821,,,SEQQL,SEQQL
wyworce,E38000166,Worcestershire Wheelchair Service,WR9 0BX,Address: Crown Lane    Wychbold Worcestershire<br>Post Code: WR9 0BX<br>Main Telephone: 01527 869107<br>Main Fax: 01527 869102<br>Main Email: gcooper@worcestershire.gov.uk<br>Website: <br>Service Provider / NHS Trust: Worcestershire Health and Care NHS Trust<br>Commissioner / CCG: Worcestershire Health and Care NHS Trust,Crown Lane    Wychbold Worcestershire,01527 869107,01527 869102,gcooper@worcestershire.gov.uk,,Worcestershire Health and Care NHS Trust,Worcestershire Health and Care NHS Trust
wirrlmsy,E38000208,Wirral Wheelchair Service,CH41 5DA,Address: Hind St Birkenhead   Wirral Merseyside<br>Post Code: CH41 5DA<br>Main Telephone: 0151 6047261<br>Main Fax: 0151 6526799<br>Main Email: <br>Website: http://www.wirralct.nhs.uk<br>Service Provider / NHS Trust: Wirral Community NHS Trust<br>Commissioner / CCG: Wirral CCG,Hind St Birkenhead   Wirral Merseyside,0151 6047261,0151 6526799,,http://www.wirralct.nhs.uk,Wirral Community NHS Trust,Wirral CCG
guilfwlsry,E38000214,Guildford Wheelchair Service,GU1 1LJ,Address: The Jarvis Centre Stoughton Road   Guildford Surrey<br>Post Code: GU1 1LJ<br>Main Telephone: <br>Main Fax: <br>Main Email: wheelchair.services@virgincare.co.uk<br>Website: http://www.virgincare.co.uk/vc-providers/surrey-wheelchair-jarvis-centre/<br>Service Provider / NHS Trust: Virgin Care (Community)<br>Commissioner / CCG: Guildford and Waverley CCG,The Jarvis Centre Stoughton Road   Guildford Surrey,,,wheelchair.services@virgincare.co.uk,http://www.virgincare.co.uk/vc-providers/surrey-wheelchair-jarvis-centre/,Virgin Care (Community),Guildford and Waverley CCG
nthteestk,E38000075,North Tees Wheelchair Service,TS19 8PE,Address: Wheelchair Service University Hospital of North Tees Hardwick  Stockton on Tees Cleveland<br>Post Code: TS19 8PE<br>Main Telephone: 01642 624882<br>Main Fax: 01642 624794<br>Main Email: judith.ruddle@nth.nhs.uk<br>Website: <br>Service Provider / NHS Trust: North Tees and Hartlepool NHS Foundation Trust<br>Commissioner / CCG: North Tees and Harlepool CCG,Wheelchair Service University Hospital of North Tees Hardwick  Stockton on Tees Cleveland,01642 624882,01642 624794,judith.ruddle@nth.nhs.uk,,North Tees and Hartlepool NHS Foundation Trust,North Tees and Harlepool CCG
bsthighwd,E38000022,Bristol Wheelchair and Special Seating Service,BS34 5BW,"Address: Highwood PavillionsÂ  Jupiter Road Patchway Bristol<br>Post Code: BS34 5BW<br>Main Telephone: 0300 3000110<br>Main Fax: 0117 3403454<br>Main Email: wheelchairs@nbt.nhs.uk<br>Website: https://www.nbt.nhs.uk/bristol-centre-enablement<br>Service Provider / NHS Trust: North Bristol NHS Trust<br>Commissioner / CCG: Bristol, North Somerset, South Glos, Bristol and North East Somerset",Highwood PavillionsÂ  Jupiter Road Patchway Bristol,0300 3000110,0117 3403454,wheelchairs@nbt.nhs.uk,https://www.nbt.nhs.uk/bristol-centre-enablement,North Bristol NHS Trust,"Bristol, North Somerset, South Glos, Bristol and North East Somerset"